insert into address (id, city, postcode, street) values (1, 'Surubim', '55750', '01454 Jackson Pass');
insert into address (id, city, postcode, street) values (2, 'Wenfang', '55751', '4394 Columbus Avenue');
insert into address (id, city, postcode, street) values (3, 'New Agutaya', '6330', '84741 Burrows Center');
insert into address (id, city, postcode, street) values (4, 'Maintirano', '25210', '77962 Cordelia Court');
insert into address (id, city, postcode, street) values (5, 'Arys', '35000', '9354 Norway Maple Circle');

insert into theatre (id, name, weburl, address_id) values (1, 'Royal National Theatre', 'https://reuters.com/fringilla/rhoncus/mauris/enim/leo/rhoncus/sed.jpg', 1);
insert into theatre (id, name, weburl, address_id) values (2, 'The Old Vic', 'https://about.me/non/mi/integer/ac/neque/duis.jpg', 2);
insert into theatre (id, name, weburl, address_id) values (3, 'Globe', 'http://jiathis.com/dapibus/nulla/suscipit.png', 3);
insert into theatre (id, name, weburl, address_id) values (4, 'Royal Opera House', 'http://eepurl.com/ridiculus/mus/vivamus/vestibulum.jpg', 4);
insert into theatre (id, name, weburl, address_id) values (5, 'Barbican Centre', 'https://soup.io/risus/praesent/lectus/vestibulum/quam/sapien/varius.html', 5);

insert into musical (id, description, image_source, name, theatre_id, with_children) values (1, 'eget massa tempor convallis nulla neque libero convallis eget eleifend luctus ultricies eu nibh quisque id', 'https://www.mtishows.co.uk/sites/default/files/show/logo/000417_hero.jpg', 'Bonnie and Clide', 4, true);
insert into musical (id, description, image_source, name, theatre_id, with_children) values (2, 'tortor quis turpis sed ante vivamus tortor duis mattis egestas metus', 'https://curve-theatre.s3.amazonaws.com/wordpress/uploads/2021/04/Grease_featured_732x471-2-732x471-c-center.jpg', 'Grease', 2, true);
insert into musical (id, description, image_source, name, theatre_id, with_children) values (3, 'odio condimentum id luctus nec molestie sed justo pellentesque viverra pede', 'https://english-national-opera-live.s3.amazonaws.com/wp-content/uploads/2021/10/MFL003_WebImages-800x600px.jpg', 'My Fair Lady', 2, false);
insert into musical (id, description, image_source, name, theatre_id, with_children) values (4, 'sem mauris laoreet ut rhoncus aliquet pulvinar sed nisl nunc rhoncus dui vel sem sed', 'https://media.londontheatredirect.com/Event/ZorroTheMusical/event-detail-image_35249.jpg', 'Zorro the Musical', 4, false);
insert into musical (id, description, image_source, name, theatre_id, with_children) values (5, 'aenean lectus pellentesque eget nunc donec quis orci eget orci vehicula condimentum curabitur in libero ut massa', 'https://s7210.pcdn.co/wp-content/uploads/2017/03/jersey-boys-uk-tour.jpg', 'Jersey Boys', 4, true);
insert into musical (id, description, image_source, name, theatre_id, with_children) values (6, 'ac diam cras pellentesque volutpat dui maecenas tristique est et tempus semper', 'https://ventsmagazine.com/wp-content/uploads/2021/04/The-Great-Gatsby-Musical.jpg', 'The Great Gatsby', 1, true);
insert into musical (id, description, image_source, name, theatre_id, with_children) values (7, 'diam vitae quam suspendisse potenti nullam porttitor lacus at turpis donec', 'https://ichef.bbci.co.uk/images/ic/1200x675/p0b8xjsj.jpg', 'Anything Goes', 4, true);
insert into musical (id, description, image_source, name, theatre_id, with_children) values (8, 'cubilia curae mauris viverra diam vitae quam suspendisse potenti nullam porttitor lacus at turpis donec posuere metus', 'http://www.theglassmenagerie.co.uk/wp-content/uploads/2020/06/maxresdefault-2.jpg', 'The Glass Menagerie', 5, true);
insert into musical (id, description, image_source, name, theatre_id, with_children) values (9, 'sed tristique in tempus sit amet sem fusce consequat nulla nisl nunc nisl duis bibendum', 'https://media.londontheatredirect.com/Event/SisterAct/event-detail-image_34951.jpg', 'Sister Act', 3, false);
insert into musical (id, description, image_source, name, theatre_id, with_children) values (10, 'nullam orci pede venenatis non sodales sed tincidunt eu felis fusce posuere felis', 'https://cloudimages.broadwayworld.com/columnpiccloud/1250-f9222aec1041d0365699842dae95c96c.jpg', 'Jitney', 1, true);

insert into performance (id, date, musical_id) values (1, '2022-11-04', 6);
insert into performance (id, date, musical_id) values (2, '2022-08-08', 4);
insert into performance (id, date, musical_id) values (3, '2022-08-14', 6);
insert into performance (id, date, musical_id) values (4, '2022-08-15', 1);
insert into performance (id, date, musical_id) values (5, '2023-01-23', 5);
insert into performance (id, date, musical_id) values (6, '2022-12-04', 2);
insert into performance (id, date, musical_id) values (7, '2023-03-28', 4);
insert into performance (id, date, musical_id) values (8, '2023-02-14', 6);
insert into performance (id, date, musical_id) values (9, '2022-06-20', 1);
insert into performance (id, date, musical_id) values (10, '2022-08-25', 1);
insert into performance (id, date, musical_id) values (11, '2022-07-27', 5);
insert into performance (id, date, musical_id) values (12, '2022-08-22', 6);
insert into performance (id, date, musical_id) values (13, '2022-12-20', 3);
insert into performance (id, date, musical_id) values (14, '2023-02-27', 6);
insert into performance (id, date, musical_id) values (15, '2023-01-02', 2);
insert into performance (id, date, musical_id) values (16, '2022-06-15', 9);
insert into performance (id, date, musical_id) values (17, '2022-07-14', 7);
insert into performance (id, date, musical_id) values (18, '2023-03-25', 9);
insert into performance (id, date, musical_id) values (19, '2023-01-13', 8);
insert into performance (id, date, musical_id) values (20, '2023-04-05', 10);

insert into seat (id, available, number, row) values (1, true, 3, 8);
insert into seat (id, available, number, row) values (2, true, 23, 13);
insert into seat (id, available, number, row) values (3, true, 6, 19);
insert into seat (id, available, number, row) values (4, true, 20, 16);
insert into seat (id, available, number, row) values (5, true, 4, 17);
insert into seat (id, available, number, row) values (6, false, 27, 1);
insert into seat (id, available, number, row) values (7, false, 8, 17);
insert into seat (id, available, number, row) values (8, false, 6, 16);
insert into seat (id, available, number, row) values (9, false, 18, 6);
insert into seat (id, available, number, row) values (10, true, 14, 2);
insert into seat (id, available, number, row) values (11, true, 10, 7);
insert into seat (id, available, number, row) values (12, true, 13, 3);
insert into seat (id, available, number, row) values (13, false, 11, 10);
insert into seat (id, available, number, row) values (14, false, 15, 12);
insert into seat (id, available, number, row) values (15, true, 5, 8);
insert into seat (id, available, number, row) values (16, true, 6, 18);
insert into seat (id, available, number, row) values (17, false, 6, 13);
insert into seat (id, available, number, row) values (18, false, 7, 2);
insert into seat (id, available, number, row) values (19, true, 11, 10);
insert into seat (id, available, number, row) values (20, true, 15, 3);
insert into seat (id, available, number, row) values (21, false, 26, 3);
insert into seat (id, available, number, row) values (22, true, 25, 12);
insert into seat (id, available, number, row) values (23, false, 25, 8);
insert into seat (id, available, number, row) values (24, true, 9, 7);
insert into seat (id, available, number, row) values (25, false, 23, 8);
insert into seat (id, available, number, row) values (26, true, 21, 5);
insert into seat (id, available, number, row) values (27, false, 23, 18);
insert into seat (id, available, number, row) values (28, false, 6, 14);
insert into seat (id, available, number, row) values (29, true, 27, 18);
insert into seat (id, available, number, row) values (30, true, 10, 15);
insert into seat (id, available, number, row) values (31, true, 11, 1);
insert into seat (id, available, number, row) values (32, false, 19, 17);
insert into seat (id, available, number, row) values (33, true, 24, 16);
insert into seat (id, available, number, row) values (34, false, 5, 19);
insert into seat (id, available, number, row) values (35, false, 30, 14);
insert into seat (id, available, number, row) values (36, false, 1, 14);
insert into seat (id, available, number, row) values (37, false, 15, 5);
insert into seat (id, available, number, row) values (38, true, 11, 17);
insert into seat (id, available, number, row) values (39, false, 9, 3);
insert into seat (id, available, number, row) values (40, true, 19, 14);
insert into seat (id, available, number, row) values (41, true, 6, 18);
insert into seat (id, available, number, row) values (42, true, 20, 19);
insert into seat (id, available, number, row) values (43, true, 16, 15);
insert into seat (id, available, number, row) values (44, false, 26, 16);
insert into seat (id, available, number, row) values (45, false, 5, 12);
insert into seat (id, available, number, row) values (46, true, 11, 16);
insert into seat (id, available, number, row) values (47, false, 2, 10);
insert into seat (id, available, number, row) values (48, false, 5, 8);
insert into seat (id, available, number, row) values (49, false, 16, 8);
insert into seat (id, available, number, row) values (50, true, 30, 6);
insert into seat (id, available, number, row) values (51, false, 12, 20);
insert into seat (id, available, number, row) values (52, true, 12, 1);
insert into seat (id, available, number, row) values (53, true, 25, 11);
insert into seat (id, available, number, row) values (54, true, 21, 13);
insert into seat (id, available, number, row) values (55, false, 17, 11);
insert into seat (id, available, number, row) values (56, false, 4, 12);
insert into seat (id, available, number, row) values (57, false, 7, 9);
insert into seat (id, available, number, row) values (58, true, 6, 6);
insert into seat (id, available, number, row) values (59, false, 28, 4);
insert into seat (id, available, number, row) values (60, false, 18, 20);
insert into seat (id, available, number, row) values (61, false, 14, 11);
insert into seat (id, available, number, row) values (62, true, 14, 15);
insert into seat (id, available, number, row) values (63, true, 12, 10);
insert into seat (id, available, number, row) values (64, true, 22, 16);
insert into seat (id, available, number, row) values (65, true, 26, 13);
insert into seat (id, available, number, row) values (66, true, 29, 8);
insert into seat (id, available, number, row) values (67, true, 12, 7);
insert into seat (id, available, number, row) values (68, false, 27, 9);
insert into seat (id, available, number, row) values (69, false, 13, 16);
insert into seat (id, available, number, row) values (70, false, 23, 4);
insert into seat (id, available, number, row) values (71, false, 14, 9);
insert into seat (id, available, number, row) values (72, true, 19, 5);
insert into seat (id, available, number, row) values (73, true, 13, 16);
insert into seat (id, available, number, row) values (74, true, 16, 10);
insert into seat (id, available, number, row) values (75, true, 13, 9);
insert into seat (id, available, number, row) values (76, false, 26, 18);
insert into seat (id, available, number, row) values (77, true, 5, 16);
insert into seat (id, available, number, row) values (78, true, 2, 13);
insert into seat (id, available, number, row) values (79, true, 21, 4);
insert into seat (id, available, number, row) values (80, false, 24, 11);
insert into seat (id, available, number, row) values (81, false, 23, 7);
insert into seat (id, available, number, row) values (82, false, 28, 9);
insert into seat (id, available, number, row) values (83, true, 12, 17);
insert into seat (id, available, number, row) values (84, true, 28, 10);
insert into seat (id, available, number, row) values (85, true, 19, 11);
insert into seat (id, available, number, row) values (86, true, 5, 5);
insert into seat (id, available, number, row) values (87, true, 22, 9);
insert into seat (id, available, number, row) values (88, false, 3, 1);
insert into seat (id, available, number, row) values (89, true, 4, 19);
insert into seat (id, available, number, row) values (90, false, 6, 20);
insert into seat (id, available, number, row) values (91, false, 23, 12);
insert into seat (id, available, number, row) values (92, false, 8, 11);
insert into seat (id, available, number, row) values (93, true, 18, 16);
insert into seat (id, available, number, row) values (94, false, 5, 17);
insert into seat (id, available, number, row) values (95, true, 7, 10);
insert into seat (id, available, number, row) values (96, true, 21, 15);
insert into seat (id, available, number, row) values (97, true, 5, 16);
insert into seat (id, available, number, row) values (98, true, 11, 14);
insert into seat (id, available, number, row) values (99, true, 26, 4);
insert into seat (id, available, number, row) values (100, false, 11, 16);
insert into seat (id, available, number, row) values (101, false, 28, 11);
insert into seat (id, available, number, row) values (102, true, 5, 12);
insert into seat (id, available, number, row) values (103, false, 22, 8);
insert into seat (id, available, number, row) values (104, false, 17, 16);
insert into seat (id, available, number, row) values (105, true, 25, 3);
insert into seat (id, available, number, row) values (106, false, 23, 7);
insert into seat (id, available, number, row) values (107, false, 6, 20);
insert into seat (id, available, number, row) values (108, true, 16, 11);
insert into seat (id, available, number, row) values (109, false, 4, 18);
insert into seat (id, available, number, row) values (110, true, 29, 20);
insert into seat (id, available, number, row) values (111, true, 2, 2);
insert into seat (id, available, number, row) values (112, true, 16, 19);
insert into seat (id, available, number, row) values (113, true, 15, 12);
insert into seat (id, available, number, row) values (114, true, 4, 1);
insert into seat (id, available, number, row) values (115, true, 23, 11);
insert into seat (id, available, number, row) values (116, false, 5, 11);
insert into seat (id, available, number, row) values (117, false, 24, 6);
insert into seat (id, available, number, row) values (118, true, 4, 13);
insert into seat (id, available, number, row) values (119, true, 22, 13);
insert into seat (id, available, number, row) values (120, true, 18, 17);
insert into seat (id, available, number, row) values (121, true, 23, 1);
insert into seat (id, available, number, row) values (122, true, 2, 13);
insert into seat (id, available, number, row) values (123, true, 25, 20);
insert into seat (id, available, number, row) values (124, false, 4, 16);
insert into seat (id, available, number, row) values (125, false, 23, 1);
insert into seat (id, available, number, row) values (126, false, 13, 9);
insert into seat (id, available, number, row) values (127, true, 17, 3);
insert into seat (id, available, number, row) values (128, true, 28, 8);
insert into seat (id, available, number, row) values (129, true, 14, 4);
insert into seat (id, available, number, row) values (130, true, 19, 16);
insert into seat (id, available, number, row) values (131, true, 3, 1);
insert into seat (id, available, number, row) values (132, true, 30, 9);
insert into seat (id, available, number, row) values (133, true, 1, 2);
insert into seat (id, available, number, row) values (134, true, 21, 5);
insert into seat (id, available, number, row) values (135, true, 10, 15);
insert into seat (id, available, number, row) values (136, false, 18, 8);
insert into seat (id, available, number, row) values (137, true, 23, 11);
insert into seat (id, available, number, row) values (138, true, 18, 8);
insert into seat (id, available, number, row) values (139, false, 28, 18);
insert into seat (id, available, number, row) values (140, true, 5, 14);
insert into seat (id, available, number, row) values (141, false, 20, 7);
insert into seat (id, available, number, row) values (142, true, 7, 15);
insert into seat (id, available, number, row) values (143, true, 2, 2);
insert into seat (id, available, number, row) values (144, true, 9, 2);
insert into seat (id, available, number, row) values (145, true, 28, 1);
insert into seat (id, available, number, row) values (146, false, 23, 8);
insert into seat (id, available, number, row) values (147, false, 23, 14);
insert into seat (id, available, number, row) values (148, true, 16, 10);
insert into seat (id, available, number, row) values (149, false, 17, 8);
insert into seat (id, available, number, row) values (150, true, 8, 2);
insert into seat (id, available, number, row) values (151, true, 15, 17);
insert into seat (id, available, number, row) values (152, false, 16, 20);
insert into seat (id, available, number, row) values (153, false, 26, 2);
insert into seat (id, available, number, row) values (154, false, 5, 14);
insert into seat (id, available, number, row) values (155, true, 24, 4);
insert into seat (id, available, number, row) values (156, true, 15, 8);
insert into seat (id, available, number, row) values (157, false, 7, 17);
insert into seat (id, available, number, row) values (158, false, 29, 6);
insert into seat (id, available, number, row) values (159, false, 15, 6);
insert into seat (id, available, number, row) values (160, false, 16, 20);
insert into seat (id, available, number, row) values (161, false, 9, 4);
insert into seat (id, available, number, row) values (162, false, 17, 4);
insert into seat (id, available, number, row) values (163, false, 6, 16);
insert into seat (id, available, number, row) values (164, false, 6, 16);
insert into seat (id, available, number, row) values (165, true, 21, 5);
insert into seat (id, available, number, row) values (166, false, 25, 10);
insert into seat (id, available, number, row) values (167, true, 3, 16);
insert into seat (id, available, number, row) values (168, true, 23, 2);
insert into seat (id, available, number, row) values (169, true, 6, 15);
insert into seat (id, available, number, row) values (170, true, 7, 10);
insert into seat (id, available, number, row) values (171, false, 1, 10);
insert into seat (id, available, number, row) values (172, false, 2, 18);
insert into seat (id, available, number, row) values (173, true, 8, 13);
insert into seat (id, available, number, row) values (174, false, 5, 12);
insert into seat (id, available, number, row) values (175, false, 30, 8);
insert into seat (id, available, number, row) values (176, false, 10, 17);
insert into seat (id, available, number, row) values (177, true, 11, 14);
insert into seat (id, available, number, row) values (178, true, 29, 12);
insert into seat (id, available, number, row) values (179, false, 26, 19);
insert into seat (id, available, number, row) values (180, false, 4, 16);
insert into seat (id, available, number, row) values (181, false, 4, 14);
insert into seat (id, available, number, row) values (182, true, 21, 12);
insert into seat (id, available, number, row) values (183, false, 27, 7);
insert into seat (id, available, number, row) values (184, true, 30, 14);
insert into seat (id, available, number, row) values (185, false, 22, 5);
insert into seat (id, available, number, row) values (186, true, 7, 9);
insert into seat (id, available, number, row) values (187, false, 30, 9);
insert into seat (id, available, number, row) values (188, false, 30, 13);
insert into seat (id, available, number, row) values (189, true, 20, 18);
insert into seat (id, available, number, row) values (190, true, 23, 5);
insert into seat (id, available, number, row) values (191, false, 25, 7);
insert into seat (id, available, number, row) values (192, true, 13, 12);
insert into seat (id, available, number, row) values (193, true, 5, 3);
insert into seat (id, available, number, row) values (194, true, 11, 1);
insert into seat (id, available, number, row) values (195, false, 5, 5);
insert into seat (id, available, number, row) values (196, false, 24, 16);
insert into seat (id, available, number, row) values (197, true, 4, 3);
insert into seat (id, available, number, row) values (198, false, 10, 17);
insert into seat (id, available, number, row) values (199, false, 21, 8);
insert into seat (id, available, number, row) values (200, false, 27, 16);
insert into seat (id, available, number, row) values (201, false, 14, 2);
insert into seat (id, available, number, row) values (202, false, 25, 18);
insert into seat (id, available, number, row) values (203, true, 30, 18);
insert into seat (id, available, number, row) values (204, false, 21, 2);
insert into seat (id, available, number, row) values (205, true, 8, 16);
insert into seat (id, available, number, row) values (206, true, 22, 1);
insert into seat (id, available, number, row) values (207, true, 7, 18);
insert into seat (id, available, number, row) values (208, true, 9, 5);
insert into seat (id, available, number, row) values (209, true, 30, 15);
insert into seat (id, available, number, row) values (210, true, 24, 15);
insert into seat (id, available, number, row) values (211, false, 16, 13);
insert into seat (id, available, number, row) values (212, true, 5, 6);
insert into seat (id, available, number, row) values (213, false, 8, 5);
insert into seat (id, available, number, row) values (214, true, 2, 16);
insert into seat (id, available, number, row) values (215, true, 28, 16);
insert into seat (id, available, number, row) values (216, false, 3, 3);
insert into seat (id, available, number, row) values (217, false, 3, 1);
insert into seat (id, available, number, row) values (218, true, 8, 8);
insert into seat (id, available, number, row) values (219, true, 27, 17);
insert into seat (id, available, number, row) values (220, false, 2, 11);
insert into seat (id, available, number, row) values (221, false, 28, 5);
insert into seat (id, available, number, row) values (222, false, 13, 5);
insert into seat (id, available, number, row) values (223, true, 15, 5);
insert into seat (id, available, number, row) values (224, false, 17, 18);
insert into seat (id, available, number, row) values (225, false, 10, 9);
insert into seat (id, available, number, row) values (226, true, 27, 18);
insert into seat (id, available, number, row) values (227, true, 29, 6);
insert into seat (id, available, number, row) values (228, true, 18, 3);
insert into seat (id, available, number, row) values (229, true, 12, 15);
insert into seat (id, available, number, row) values (230, false, 22, 4);
insert into seat (id, available, number, row) values (231, false, 6, 18);
insert into seat (id, available, number, row) values (232, false, 10, 4);
insert into seat (id, available, number, row) values (233, false, 18, 20);
insert into seat (id, available, number, row) values (234, false, 22, 9);
insert into seat (id, available, number, row) values (235, true, 14, 11);
insert into seat (id, available, number, row) values (236, true, 18, 14);
insert into seat (id, available, number, row) values (237, false, 28, 17);
insert into seat (id, available, number, row) values (238, true, 16, 7);
insert into seat (id, available, number, row) values (239, true, 4, 9);
insert into seat (id, available, number, row) values (240, false, 8, 3);
insert into seat (id, available, number, row) values (241, false, 2, 13);
insert into seat (id, available, number, row) values (242, true, 21, 6);
insert into seat (id, available, number, row) values (243, false, 4, 8);
insert into seat (id, available, number, row) values (244, false, 23, 5);
insert into seat (id, available, number, row) values (245, false, 6, 1);
insert into seat (id, available, number, row) values (246, true, 20, 5);
insert into seat (id, available, number, row) values (247, false, 25, 8);
insert into seat (id, available, number, row) values (248, false, 5, 5);
insert into seat (id, available, number, row) values (249, true, 15, 4);
insert into seat (id, available, number, row) values (250, false, 7, 3);
insert into seat (id, available, number, row) values (251, false, 24, 6);
insert into seat (id, available, number, row) values (252, false, 11, 16);
insert into seat (id, available, number, row) values (253, true, 11, 15);
insert into seat (id, available, number, row) values (254, false, 26, 4);
insert into seat (id, available, number, row) values (255, true, 7, 14);
insert into seat (id, available, number, row) values (256, false, 18, 3);
insert into seat (id, available, number, row) values (257, true, 12, 15);
insert into seat (id, available, number, row) values (258, false, 29, 16);
insert into seat (id, available, number, row) values (259, true, 12, 17);
insert into seat (id, available, number, row) values (260, true, 8, 5);
insert into seat (id, available, number, row) values (261, true, 18, 20);
insert into seat (id, available, number, row) values (262, true, 26, 12);
insert into seat (id, available, number, row) values (263, false, 8, 18);
insert into seat (id, available, number, row) values (264, true, 4, 12);
insert into seat (id, available, number, row) values (265, true, 12, 17);
insert into seat (id, available, number, row) values (266, false, 22, 8);
insert into seat (id, available, number, row) values (267, true, 28, 2);
insert into seat (id, available, number, row) values (268, true, 26, 16);
insert into seat (id, available, number, row) values (269, false, 7, 7);
insert into seat (id, available, number, row) values (270, true, 19, 1);
insert into seat (id, available, number, row) values (271, false, 20, 2);
insert into seat (id, available, number, row) values (272, false, 25, 9);
insert into seat (id, available, number, row) values (273, true, 2, 7);
insert into seat (id, available, number, row) values (274, false, 23, 9);
insert into seat (id, available, number, row) values (275, true, 29, 9);
insert into seat (id, available, number, row) values (276, true, 11, 4);
insert into seat (id, available, number, row) values (277, false, 21, 3);
insert into seat (id, available, number, row) values (278, false, 9, 15);
insert into seat (id, available, number, row) values (279, false, 6, 9);
insert into seat (id, available, number, row) values (280, false, 10, 14);
insert into seat (id, available, number, row) values (281, false, 15, 8);
insert into seat (id, available, number, row) values (282, false, 28, 14);
insert into seat (id, available, number, row) values (283, false, 12, 14);
insert into seat (id, available, number, row) values (284, true, 20, 3);
insert into seat (id, available, number, row) values (285, false, 27, 8);
insert into seat (id, available, number, row) values (286, true, 3, 7);
insert into seat (id, available, number, row) values (287, false, 23, 2);
insert into seat (id, available, number, row) values (288, true, 10, 6);
insert into seat (id, available, number, row) values (289, true, 3, 5);
insert into seat (id, available, number, row) values (290, false, 25, 4);
insert into seat (id, available, number, row) values (291, true, 17, 4);
insert into seat (id, available, number, row) values (292, false, 12, 19);
insert into seat (id, available, number, row) values (293, true, 26, 8);
insert into seat (id, available, number, row) values (294, false, 11, 3);
insert into seat (id, available, number, row) values (295, true, 2, 7);
insert into seat (id, available, number, row) values (296, false, 8, 15);
insert into seat (id, available, number, row) values (297, false, 2, 9);
insert into seat (id, available, number, row) values (298, true, 4, 5);
insert into seat (id, available, number, row) values (299, true, 27, 16);
insert into seat (id, available, number, row) values (300, true, 11, 18);
insert into seat (id, available, number, row) values (301, true, 19, 7);
insert into seat (id, available, number, row) values (302, false, 6, 10);
insert into seat (id, available, number, row) values (303, false, 6, 7);
insert into seat (id, available, number, row) values (304, false, 24, 5);
insert into seat (id, available, number, row) values (305, true, 19, 19);
insert into seat (id, available, number, row) values (306, false, 7, 4);
insert into seat (id, available, number, row) values (307, false, 5, 3);
insert into seat (id, available, number, row) values (308, false, 14, 13);
insert into seat (id, available, number, row) values (309, false, 22, 5);
insert into seat (id, available, number, row) values (310, false, 23, 10);
insert into seat (id, available, number, row) values (311, true, 13, 18);
insert into seat (id, available, number, row) values (312, true, 15, 14);
insert into seat (id, available, number, row) values (313, true, 13, 12);
insert into seat (id, available, number, row) values (314, true, 29, 2);
insert into seat (id, available, number, row) values (315, false, 8, 13);
insert into seat (id, available, number, row) values (316, false, 5, 1);
insert into seat (id, available, number, row) values (317, true, 24, 10);
insert into seat (id, available, number, row) values (318, false, 1, 9);
insert into seat (id, available, number, row) values (319, false, 30, 7);
insert into seat (id, available, number, row) values (320, false, 27, 12);
insert into seat (id, available, number, row) values (321, true, 12, 4);
insert into seat (id, available, number, row) values (322, true, 8, 15);
insert into seat (id, available, number, row) values (323, true, 17, 8);
insert into seat (id, available, number, row) values (324, false, 2, 5);
insert into seat (id, available, number, row) values (325, true, 15, 9);
insert into seat (id, available, number, row) values (326, true, 17, 16);
insert into seat (id, available, number, row) values (327, true, 12, 3);
insert into seat (id, available, number, row) values (328, false, 20, 12);
insert into seat (id, available, number, row) values (329, false, 13, 18);
insert into seat (id, available, number, row) values (330, true, 23, 18);
insert into seat (id, available, number, row) values (331, true, 29, 5);
insert into seat (id, available, number, row) values (332, false, 29, 12);
insert into seat (id, available, number, row) values (333, false, 27, 5);
insert into seat (id, available, number, row) values (334, true, 15, 1);
insert into seat (id, available, number, row) values (335, false, 14, 13);
insert into seat (id, available, number, row) values (336, true, 3, 8);
insert into seat (id, available, number, row) values (337, false, 29, 18);
insert into seat (id, available, number, row) values (338, false, 9, 19);
insert into seat (id, available, number, row) values (339, true, 28, 14);
insert into seat (id, available, number, row) values (340, false, 28, 4);
insert into seat (id, available, number, row) values (341, false, 12, 20);
insert into seat (id, available, number, row) values (342, false, 18, 18);
insert into seat (id, available, number, row) values (343, false, 17, 10);
insert into seat (id, available, number, row) values (344, false, 12, 3);
insert into seat (id, available, number, row) values (345, false, 13, 18);
insert into seat (id, available, number, row) values (346, true, 15, 8);
insert into seat (id, available, number, row) values (347, false, 9, 8);
insert into seat (id, available, number, row) values (348, true, 25, 17);
insert into seat (id, available, number, row) values (349, true, 11, 9);
insert into seat (id, available, number, row) values (350, true, 1, 17);
insert into seat (id, available, number, row) values (351, false, 21, 20);
insert into seat (id, available, number, row) values (352, true, 18, 14);
insert into seat (id, available, number, row) values (353, false, 14, 16);
insert into seat (id, available, number, row) values (354, false, 8, 2);
insert into seat (id, available, number, row) values (355, true, 19, 20);
insert into seat (id, available, number, row) values (356, false, 16, 14);
insert into seat (id, available, number, row) values (357, true, 17, 11);
insert into seat (id, available, number, row) values (358, false, 16, 12);
insert into seat (id, available, number, row) values (359, false, 29, 7);
insert into seat (id, available, number, row) values (360, false, 22, 2);
insert into seat (id, available, number, row) values (361, false, 2, 16);
insert into seat (id, available, number, row) values (362, false, 21, 6);
insert into seat (id, available, number, row) values (363, true, 8, 3);
insert into seat (id, available, number, row) values (364, true, 5, 4);
insert into seat (id, available, number, row) values (365, false, 23, 17);
insert into seat (id, available, number, row) values (366, false, 15, 11);
insert into seat (id, available, number, row) values (367, true, 22, 3);
insert into seat (id, available, number, row) values (368, true, 4, 9);
insert into seat (id, available, number, row) values (369, false, 22, 10);
insert into seat (id, available, number, row) values (370, true, 15, 12);
insert into seat (id, available, number, row) values (371, true, 20, 14);
insert into seat (id, available, number, row) values (372, false, 7, 8);
insert into seat (id, available, number, row) values (373, false, 7, 11);
insert into seat (id, available, number, row) values (374, false, 18, 10);
insert into seat (id, available, number, row) values (375, false, 10, 6);
insert into seat (id, available, number, row) values (376, true, 4, 3);
insert into seat (id, available, number, row) values (377, true, 4, 10);
insert into seat (id, available, number, row) values (378, false, 18, 16);
insert into seat (id, available, number, row) values (379, true, 12, 3);
insert into seat (id, available, number, row) values (380, false, 14, 4);
insert into seat (id, available, number, row) values (381, false, 11, 6);
insert into seat (id, available, number, row) values (382, false, 30, 5);
insert into seat (id, available, number, row) values (383, false, 15, 16);
insert into seat (id, available, number, row) values (384, false, 30, 8);
insert into seat (id, available, number, row) values (385, true, 21, 8);
insert into seat (id, available, number, row) values (386, false, 22, 4);
insert into seat (id, available, number, row) values (387, true, 5, 11);
insert into seat (id, available, number, row) values (388, false, 11, 4);
insert into seat (id, available, number, row) values (389, false, 13, 7);
insert into seat (id, available, number, row) values (390, true, 2, 14);
insert into seat (id, available, number, row) values (391, true, 6, 6);
insert into seat (id, available, number, row) values (392, false, 22, 10);
insert into seat (id, available, number, row) values (393, true, 8, 13);
insert into seat (id, available, number, row) values (394, true, 24, 16);
insert into seat (id, available, number, row) values (395, false, 30, 19);
insert into seat (id, available, number, row) values (396, true, 16, 7);
insert into seat (id, available, number, row) values (397, true, 14, 2);
insert into seat (id, available, number, row) values (398, true, 6, 3);
insert into seat (id, available, number, row) values (399, true, 13, 12);
insert into seat (id, available, number, row) values (400, false, 12, 16);
insert into seat (id, available, number, row) values (401, false, 20, 10);
insert into seat (id, available, number, row) values (402, true, 4, 16);
insert into seat (id, available, number, row) values (403, true, 28, 8);
insert into seat (id, available, number, row) values (404, true, 7, 20);
insert into seat (id, available, number, row) values (405, true, 4, 9);
insert into seat (id, available, number, row) values (406, true, 25, 13);
insert into seat (id, available, number, row) values (407, true, 8, 16);
insert into seat (id, available, number, row) values (408, true, 9, 7);
insert into seat (id, available, number, row) values (409, false, 26, 11);
insert into seat (id, available, number, row) values (410, true, 20, 16);
insert into seat (id, available, number, row) values (411, false, 11, 8);
insert into seat (id, available, number, row) values (412, true, 3, 7);
insert into seat (id, available, number, row) values (413, false, 17, 10);
insert into seat (id, available, number, row) values (414, false, 10, 16);
insert into seat (id, available, number, row) values (415, true, 29, 20);
insert into seat (id, available, number, row) values (416, false, 17, 18);
insert into seat (id, available, number, row) values (417, true, 24, 20);
insert into seat (id, available, number, row) values (418, false, 6, 20);
insert into seat (id, available, number, row) values (419, true, 6, 19);
insert into seat (id, available, number, row) values (420, true, 18, 16);
insert into seat (id, available, number, row) values (421, false, 11, 8);
insert into seat (id, available, number, row) values (422, false, 16, 10);
insert into seat (id, available, number, row) values (423, true, 16, 20);
insert into seat (id, available, number, row) values (424, false, 21, 3);
insert into seat (id, available, number, row) values (425, false, 25, 19);
insert into seat (id, available, number, row) values (426, false, 29, 11);
insert into seat (id, available, number, row) values (427, true, 17, 3);
insert into seat (id, available, number, row) values (428, true, 8, 3);
insert into seat (id, available, number, row) values (429, true, 5, 9);
insert into seat (id, available, number, row) values (430, false, 2, 13);
insert into seat (id, available, number, row) values (431, false, 29, 4);
insert into seat (id, available, number, row) values (432, true, 26, 15);
insert into seat (id, available, number, row) values (433, false, 7, 8);
insert into seat (id, available, number, row) values (434, false, 15, 16);
insert into seat (id, available, number, row) values (435, false, 3, 18);
insert into seat (id, available, number, row) values (436, false, 4, 5);
insert into seat (id, available, number, row) values (437, true, 13, 14);
insert into seat (id, available, number, row) values (438, true, 8, 9);
insert into seat (id, available, number, row) values (439, true, 5, 10);
insert into seat (id, available, number, row) values (440, false, 19, 6);
insert into seat (id, available, number, row) values (441, false, 11, 6);
insert into seat (id, available, number, row) values (442, false, 29, 19);
insert into seat (id, available, number, row) values (443, true, 15, 8);
insert into seat (id, available, number, row) values (444, false, 17, 6);
insert into seat (id, available, number, row) values (445, false, 26, 11);
insert into seat (id, available, number, row) values (446, true, 30, 10);
insert into seat (id, available, number, row) values (447, false, 28, 10);
insert into seat (id, available, number, row) values (448, false, 13, 15);
insert into seat (id, available, number, row) values (449, false, 3, 9);
insert into seat (id, available, number, row) values (450, false, 30, 12);
insert into seat (id, available, number, row) values (451, false, 12, 20);
insert into seat (id, available, number, row) values (452, true, 15, 1);
insert into seat (id, available, number, row) values (453, false, 14, 7);
insert into seat (id, available, number, row) values (454, false, 13, 11);
insert into seat (id, available, number, row) values (455, false, 27, 10);
insert into seat (id, available, number, row) values (456, false, 29, 16);
insert into seat (id, available, number, row) values (457, true, 16, 16);
insert into seat (id, available, number, row) values (458, true, 24, 11);
insert into seat (id, available, number, row) values (459, false, 20, 11);
insert into seat (id, available, number, row) values (460, false, 16, 20);
insert into seat (id, available, number, row) values (461, true, 6, 18);
insert into seat (id, available, number, row) values (462, false, 10, 11);
insert into seat (id, available, number, row) values (463, false, 27, 19);
insert into seat (id, available, number, row) values (464, true, 18, 17);
insert into seat (id, available, number, row) values (465, false, 29, 17);
insert into seat (id, available, number, row) values (466, true, 21, 17);
insert into seat (id, available, number, row) values (467, false, 29, 11);
insert into seat (id, available, number, row) values (468, false, 22, 16);
insert into seat (id, available, number, row) values (469, true, 10, 7);
insert into seat (id, available, number, row) values (470, true, 20, 18);
insert into seat (id, available, number, row) values (471, false, 2, 5);
insert into seat (id, available, number, row) values (472, false, 2, 16);
insert into seat (id, available, number, row) values (473, false, 30, 10);
insert into seat (id, available, number, row) values (474, false, 27, 5);
insert into seat (id, available, number, row) values (475, true, 10, 13);
insert into seat (id, available, number, row) values (476, true, 6, 13);
insert into seat (id, available, number, row) values (477, true, 29, 8);
insert into seat (id, available, number, row) values (478, true, 20, 5);
insert into seat (id, available, number, row) values (479, true, 10, 17);
insert into seat (id, available, number, row) values (480, true, 28, 10);
insert into seat (id, available, number, row) values (481, true, 24, 1);
insert into seat (id, available, number, row) values (482, false, 22, 7);
insert into seat (id, available, number, row) values (483, false, 21, 9);
insert into seat (id, available, number, row) values (484, true, 25, 17);
insert into seat (id, available, number, row) values (485, false, 9, 1);
insert into seat (id, available, number, row) values (486, true, 3, 4);
insert into seat (id, available, number, row) values (487, true, 27, 9);
insert into seat (id, available, number, row) values (488, false, 4, 16);
insert into seat (id, available, number, row) values (489, true, 28, 13);
insert into seat (id, available, number, row) values (490, false, 9, 9);
insert into seat (id, available, number, row) values (491, false, 13, 2);
insert into seat (id, available, number, row) values (492, true, 23, 18);
insert into seat (id, available, number, row) values (493, false, 19, 9);
insert into seat (id, available, number, row) values (494, true, 13, 17);
insert into seat (id, available, number, row) values (495, true, 11, 12);
insert into seat (id, available, number, row) values (496, false, 20, 10);
insert into seat (id, available, number, row) values (497, true, 9, 9);
insert into seat (id, available, number, row) values (498, false, 2, 20);
insert into seat (id, available, number, row) values (499, true, 30, 11);
insert into seat (id, available, number, row) values (500, true, 17, 19);
insert into seat (id, available, number, row) values (501, false, 21, 13);
insert into seat (id, available, number, row) values (502, true, 19, 16);
insert into seat (id, available, number, row) values (503, false, 28, 14);
insert into seat (id, available, number, row) values (504, true, 2, 12);
insert into seat (id, available, number, row) values (505, true, 24, 6);
insert into seat (id, available, number, row) values (506, true, 8, 18);
insert into seat (id, available, number, row) values (507, true, 30, 7);
insert into seat (id, available, number, row) values (508, false, 16, 14);
insert into seat (id, available, number, row) values (509, false, 14, 16);
insert into seat (id, available, number, row) values (510, true, 9, 8);
insert into seat (id, available, number, row) values (511, true, 19, 13);
insert into seat (id, available, number, row) values (512, false, 7, 11);
insert into seat (id, available, number, row) values (513, true, 30, 12);
insert into seat (id, available, number, row) values (514, true, 2, 15);
insert into seat (id, available, number, row) values (515, true, 11, 2);
insert into seat (id, available, number, row) values (516, false, 2, 17);
insert into seat (id, available, number, row) values (517, true, 15, 9);
insert into seat (id, available, number, row) values (518, false, 18, 17);
insert into seat (id, available, number, row) values (519, true, 24, 4);
insert into seat (id, available, number, row) values (520, false, 21, 16);
insert into seat (id, available, number, row) values (521, false, 10, 16);
insert into seat (id, available, number, row) values (522, true, 6, 10);
insert into seat (id, available, number, row) values (523, false, 30, 18);
insert into seat (id, available, number, row) values (524, false, 4, 2);
insert into seat (id, available, number, row) values (525, true, 16, 18);
insert into seat (id, available, number, row) values (526, false, 19, 15);
insert into seat (id, available, number, row) values (527, false, 26, 18);
insert into seat (id, available, number, row) values (528, true, 28, 12);
insert into seat (id, available, number, row) values (529, false, 18, 14);
insert into seat (id, available, number, row) values (530, true, 26, 11);
insert into seat (id, available, number, row) values (531, true, 8, 10);
insert into seat (id, available, number, row) values (532, false, 26, 18);
insert into seat (id, available, number, row) values (533, true, 4, 3);
insert into seat (id, available, number, row) values (534, false, 21, 8);
insert into seat (id, available, number, row) values (535, false, 24, 11);
insert into seat (id, available, number, row) values (536, true, 15, 18);
insert into seat (id, available, number, row) values (537, true, 7, 11);
insert into seat (id, available, number, row) values (538, false, 19, 20);
insert into seat (id, available, number, row) values (539, false, 3, 11);
insert into seat (id, available, number, row) values (540, true, 16, 16);
insert into seat (id, available, number, row) values (541, false, 19, 13);
insert into seat (id, available, number, row) values (542, false, 6, 15);
insert into seat (id, available, number, row) values (543, true, 9, 2);
insert into seat (id, available, number, row) values (544, true, 2, 17);
insert into seat (id, available, number, row) values (545, false, 4, 11);
insert into seat (id, available, number, row) values (546, false, 25, 18);
insert into seat (id, available, number, row) values (547, false, 18, 20);
insert into seat (id, available, number, row) values (548, true, 13, 7);
insert into seat (id, available, number, row) values (549, true, 5, 19);
insert into seat (id, available, number, row) values (550, false, 22, 10);
insert into seat (id, available, number, row) values (551, false, 15, 3);
insert into seat (id, available, number, row) values (552, false, 14, 3);
insert into seat (id, available, number, row) values (553, true, 4, 15);
insert into seat (id, available, number, row) values (554, true, 21, 6);
insert into seat (id, available, number, row) values (555, false, 27, 11);
insert into seat (id, available, number, row) values (556, true, 22, 6);
insert into seat (id, available, number, row) values (557, true, 3, 5);
insert into seat (id, available, number, row) values (558, false, 21, 9);
insert into seat (id, available, number, row) values (559, false, 30, 12);
insert into seat (id, available, number, row) values (560, false, 27, 16);
insert into seat (id, available, number, row) values (561, true, 7, 8);
insert into seat (id, available, number, row) values (562, true, 9, 11);
insert into seat (id, available, number, row) values (563, true, 25, 18);
insert into seat (id, available, number, row) values (564, false, 24, 8);
insert into seat (id, available, number, row) values (565, true, 27, 20);
insert into seat (id, available, number, row) values (566, true, 6, 4);
insert into seat (id, available, number, row) values (567, false, 6, 3);
insert into seat (id, available, number, row) values (568, false, 7, 7);
insert into seat (id, available, number, row) values (569, true, 21, 11);
insert into seat (id, available, number, row) values (570, false, 5, 8);
insert into seat (id, available, number, row) values (571, false, 18, 7);
insert into seat (id, available, number, row) values (572, true, 15, 15);
insert into seat (id, available, number, row) values (573, true, 5, 6);
insert into seat (id, available, number, row) values (574, false, 28, 17);
insert into seat (id, available, number, row) values (575, false, 23, 3);
insert into seat (id, available, number, row) values (576, false, 12, 11);
insert into seat (id, available, number, row) values (577, false, 27, 10);
insert into seat (id, available, number, row) values (578, true, 10, 12);
insert into seat (id, available, number, row) values (579, true, 25, 3);
insert into seat (id, available, number, row) values (580, false, 1, 2);
insert into seat (id, available, number, row) values (581, false, 1, 12);
insert into seat (id, available, number, row) values (582, true, 16, 3);
insert into seat (id, available, number, row) values (583, true, 16, 6);
insert into seat (id, available, number, row) values (584, true, 11, 4);
insert into seat (id, available, number, row) values (585, true, 19, 1);
insert into seat (id, available, number, row) values (586, false, 15, 11);
insert into seat (id, available, number, row) values (587, false, 23, 10);
insert into seat (id, available, number, row) values (588, true, 20, 14);
insert into seat (id, available, number, row) values (589, true, 6, 1);
insert into seat (id, available, number, row) values (590, true, 18, 8);
insert into seat (id, available, number, row) values (591, false, 28, 7);
insert into seat (id, available, number, row) values (592, true, 20, 15);
insert into seat (id, available, number, row) values (593, false, 19, 14);
insert into seat (id, available, number, row) values (594, false, 13, 3);
insert into seat (id, available, number, row) values (595, false, 23, 9);
insert into seat (id, available, number, row) values (596, false, 26, 1);
insert into seat (id, available, number, row) values (597, true, 25, 17);
insert into seat (id, available, number, row) values (598, false, 19, 18);
insert into seat (id, available, number, row) values (599, false, 24, 10);
insert into seat (id, available, number, row) values (600, true, 26, 12);
insert into seat (id, available, number, row) values (601, false, 22, 9);
insert into seat (id, available, number, row) values (602, false, 4, 16);
insert into seat (id, available, number, row) values (603, false, 18, 15);
insert into seat (id, available, number, row) values (604, false, 13, 9);
insert into seat (id, available, number, row) values (605, true, 22, 18);
insert into seat (id, available, number, row) values (606, true, 22, 6);
insert into seat (id, available, number, row) values (607, false, 14, 14);
insert into seat (id, available, number, row) values (608, false, 24, 20);
insert into seat (id, available, number, row) values (609, false, 15, 12);
insert into seat (id, available, number, row) values (610, true, 18, 5);
insert into seat (id, available, number, row) values (611, true, 10, 13);
insert into seat (id, available, number, row) values (612, false, 13, 14);
insert into seat (id, available, number, row) values (613, true, 15, 14);
insert into seat (id, available, number, row) values (614, false, 29, 11);
insert into seat (id, available, number, row) values (615, true, 8, 13);
insert into seat (id, available, number, row) values (616, true, 16, 17);
insert into seat (id, available, number, row) values (617, false, 29, 3);
insert into seat (id, available, number, row) values (618, true, 8, 10);
insert into seat (id, available, number, row) values (619, true, 3, 3);
insert into seat (id, available, number, row) values (620, true, 5, 15);
insert into seat (id, available, number, row) values (621, false, 15, 9);
insert into seat (id, available, number, row) values (622, true, 30, 19);
insert into seat (id, available, number, row) values (623, false, 28, 17);
insert into seat (id, available, number, row) values (624, true, 9, 6);
insert into seat (id, available, number, row) values (625, false, 4, 10);
insert into seat (id, available, number, row) values (626, true, 27, 7);
insert into seat (id, available, number, row) values (627, true, 25, 9);
insert into seat (id, available, number, row) values (628, true, 6, 14);
insert into seat (id, available, number, row) values (629, true, 30, 14);
insert into seat (id, available, number, row) values (630, true, 22, 2);
insert into seat (id, available, number, row) values (631, true, 20, 16);
insert into seat (id, available, number, row) values (632, true, 10, 8);
insert into seat (id, available, number, row) values (633, true, 8, 8);
insert into seat (id, available, number, row) values (634, true, 17, 9);
insert into seat (id, available, number, row) values (635, true, 1, 2);
insert into seat (id, available, number, row) values (636, false, 26, 6);
insert into seat (id, available, number, row) values (637, true, 15, 3);
insert into seat (id, available, number, row) values (638, false, 22, 4);
insert into seat (id, available, number, row) values (639, false, 9, 10);
insert into seat (id, available, number, row) values (640, true, 24, 9);
insert into seat (id, available, number, row) values (641, false, 4, 3);
insert into seat (id, available, number, row) values (642, true, 11, 9);
insert into seat (id, available, number, row) values (643, true, 1, 11);
insert into seat (id, available, number, row) values (644, false, 16, 18);
insert into seat (id, available, number, row) values (645, false, 7, 13);
insert into seat (id, available, number, row) values (646, false, 5, 12);
insert into seat (id, available, number, row) values (647, true, 6, 18);
insert into seat (id, available, number, row) values (648, false, 2, 11);
insert into seat (id, available, number, row) values (649, false, 15, 3);
insert into seat (id, available, number, row) values (650, true, 19, 18);
insert into seat (id, available, number, row) values (651, true, 16, 12);
insert into seat (id, available, number, row) values (652, true, 5, 2);
insert into seat (id, available, number, row) values (653, false, 24, 17);
insert into seat (id, available, number, row) values (654, false, 20, 10);
insert into seat (id, available, number, row) values (655, false, 19, 11);
insert into seat (id, available, number, row) values (656, false, 8, 13);
insert into seat (id, available, number, row) values (657, true, 9, 12);
insert into seat (id, available, number, row) values (658, false, 26, 14);
insert into seat (id, available, number, row) values (659, false, 24, 3);
insert into seat (id, available, number, row) values (660, true, 5, 14);
insert into seat (id, available, number, row) values (661, true, 18, 5);
insert into seat (id, available, number, row) values (662, true, 15, 5);
insert into seat (id, available, number, row) values (663, false, 29, 4);
insert into seat (id, available, number, row) values (664, false, 28, 6);
insert into seat (id, available, number, row) values (665, false, 18, 1);
insert into seat (id, available, number, row) values (666, true, 25, 16);
insert into seat (id, available, number, row) values (667, true, 24, 13);
insert into seat (id, available, number, row) values (668, true, 5, 6);
insert into seat (id, available, number, row) values (669, true, 27, 7);
insert into seat (id, available, number, row) values (670, true, 22, 15);
insert into seat (id, available, number, row) values (671, true, 24, 1);
insert into seat (id, available, number, row) values (672, true, 17, 16);
insert into seat (id, available, number, row) values (673, true, 24, 8);
insert into seat (id, available, number, row) values (674, false, 12, 14);
insert into seat (id, available, number, row) values (675, false, 30, 14);
insert into seat (id, available, number, row) values (676, true, 2, 6);
insert into seat (id, available, number, row) values (677, false, 4, 12);
insert into seat (id, available, number, row) values (678, false, 17, 20);
insert into seat (id, available, number, row) values (679, false, 27, 1);
insert into seat (id, available, number, row) values (680, false, 13, 16);
insert into seat (id, available, number, row) values (681, false, 13, 14);
insert into seat (id, available, number, row) values (682, true, 5, 1);
insert into seat (id, available, number, row) values (683, false, 3, 15);
insert into seat (id, available, number, row) values (684, true, 28, 11);
insert into seat (id, available, number, row) values (685, false, 29, 11);
insert into seat (id, available, number, row) values (686, false, 17, 2);
insert into seat (id, available, number, row) values (687, false, 19, 7);
insert into seat (id, available, number, row) values (688, true, 20, 17);
insert into seat (id, available, number, row) values (689, false, 26, 8);
insert into seat (id, available, number, row) values (690, true, 21, 16);
insert into seat (id, available, number, row) values (691, true, 18, 2);
insert into seat (id, available, number, row) values (692, false, 15, 14);
insert into seat (id, available, number, row) values (693, false, 19, 1);
insert into seat (id, available, number, row) values (694, false, 6, 5);
insert into seat (id, available, number, row) values (695, false, 15, 11);
insert into seat (id, available, number, row) values (696, false, 5, 17);
insert into seat (id, available, number, row) values (697, false, 19, 3);
insert into seat (id, available, number, row) values (698, true, 26, 5);
insert into seat (id, available, number, row) values (699, true, 8, 19);
insert into seat (id, available, number, row) values (700, true, 14, 17);
insert into seat (id, available, number, row) values (701, false, 4, 11);
insert into seat (id, available, number, row) values (702, false, 13, 14);
insert into seat (id, available, number, row) values (703, true, 12, 4);
insert into seat (id, available, number, row) values (704, true, 16, 12);
insert into seat (id, available, number, row) values (705, false, 25, 12);
insert into seat (id, available, number, row) values (706, false, 5, 14);
insert into seat (id, available, number, row) values (707, true, 25, 17);
insert into seat (id, available, number, row) values (708, true, 28, 2);
insert into seat (id, available, number, row) values (709, false, 25, 20);
insert into seat (id, available, number, row) values (710, true, 29, 3);
insert into seat (id, available, number, row) values (711, false, 29, 3);
insert into seat (id, available, number, row) values (712, false, 7, 10);
insert into seat (id, available, number, row) values (713, true, 10, 16);
insert into seat (id, available, number, row) values (714, false, 7, 8);
insert into seat (id, available, number, row) values (715, false, 24, 8);
insert into seat (id, available, number, row) values (716, false, 6, 16);
insert into seat (id, available, number, row) values (717, true, 19, 13);
insert into seat (id, available, number, row) values (718, true, 18, 19);
insert into seat (id, available, number, row) values (719, true, 18, 15);
insert into seat (id, available, number, row) values (720, false, 5, 8);
insert into seat (id, available, number, row) values (721, true, 20, 6);
insert into seat (id, available, number, row) values (722, false, 2, 9);
insert into seat (id, available, number, row) values (723, false, 28, 17);
insert into seat (id, available, number, row) values (724, false, 21, 8);
insert into seat (id, available, number, row) values (725, true, 23, 5);
insert into seat (id, available, number, row) values (726, true, 30, 9);
insert into seat (id, available, number, row) values (727, true, 11, 7);
insert into seat (id, available, number, row) values (728, true, 28, 14);
insert into seat (id, available, number, row) values (729, false, 5, 14);
insert into seat (id, available, number, row) values (730, true, 4, 17);
insert into seat (id, available, number, row) values (731, true, 1, 7);
insert into seat (id, available, number, row) values (732, true, 28, 17);
insert into seat (id, available, number, row) values (733, false, 7, 17);
insert into seat (id, available, number, row) values (734, true, 25, 11);
insert into seat (id, available, number, row) values (735, false, 18, 18);
insert into seat (id, available, number, row) values (736, true, 15, 16);
insert into seat (id, available, number, row) values (737, true, 11, 17);
insert into seat (id, available, number, row) values (738, true, 21, 13);
insert into seat (id, available, number, row) values (739, true, 10, 4);
insert into seat (id, available, number, row) values (740, false, 12, 10);
insert into seat (id, available, number, row) values (741, false, 20, 5);
insert into seat (id, available, number, row) values (742, true, 21, 9);
insert into seat (id, available, number, row) values (743, false, 12, 18);
insert into seat (id, available, number, row) values (744, false, 6, 9);
insert into seat (id, available, number, row) values (745, false, 1, 8);
insert into seat (id, available, number, row) values (746, false, 3, 17);
insert into seat (id, available, number, row) values (747, true, 2, 5);
insert into seat (id, available, number, row) values (748, true, 20, 11);
insert into seat (id, available, number, row) values (749, true, 27, 6);
insert into seat (id, available, number, row) values (750, true, 13, 11);
insert into seat (id, available, number, row) values (751, false, 26, 3);
insert into seat (id, available, number, row) values (752, true, 16, 7);
insert into seat (id, available, number, row) values (753, true, 3, 5);
insert into seat (id, available, number, row) values (754, true, 12, 6);
insert into seat (id, available, number, row) values (755, true, 5, 18);
insert into seat (id, available, number, row) values (756, false, 26, 2);
insert into seat (id, available, number, row) values (757, false, 4, 20);
insert into seat (id, available, number, row) values (758, true, 27, 2);
insert into seat (id, available, number, row) values (759, false, 29, 2);
insert into seat (id, available, number, row) values (760, true, 11, 2);
insert into seat (id, available, number, row) values (761, true, 30, 12);
insert into seat (id, available, number, row) values (762, true, 2, 20);
insert into seat (id, available, number, row) values (763, true, 11, 2);
insert into seat (id, available, number, row) values (764, true, 23, 8);
insert into seat (id, available, number, row) values (765, false, 16, 9);
insert into seat (id, available, number, row) values (766, false, 23, 6);
insert into seat (id, available, number, row) values (767, false, 18, 9);
insert into seat (id, available, number, row) values (768, true, 19, 19);
insert into seat (id, available, number, row) values (769, false, 24, 9);
insert into seat (id, available, number, row) values (770, true, 20, 15);
insert into seat (id, available, number, row) values (771, true, 29, 18);
insert into seat (id, available, number, row) values (772, false, 17, 7);
insert into seat (id, available, number, row) values (773, true, 27, 8);
insert into seat (id, available, number, row) values (774, true, 24, 3);
insert into seat (id, available, number, row) values (775, true, 21, 17);
insert into seat (id, available, number, row) values (776, true, 7, 12);
insert into seat (id, available, number, row) values (777, true, 10, 10);
insert into seat (id, available, number, row) values (778, false, 23, 2);
insert into seat (id, available, number, row) values (779, false, 16, 9);
insert into seat (id, available, number, row) values (780, false, 24, 15);
insert into seat (id, available, number, row) values (781, true, 27, 10);
insert into seat (id, available, number, row) values (782, true, 13, 18);
insert into seat (id, available, number, row) values (783, true, 11, 13);
insert into seat (id, available, number, row) values (784, true, 11, 20);
insert into seat (id, available, number, row) values (785, false, 16, 20);
insert into seat (id, available, number, row) values (786, false, 25, 19);
insert into seat (id, available, number, row) values (787, false, 1, 20);
insert into seat (id, available, number, row) values (788, false, 17, 10);
insert into seat (id, available, number, row) values (789, false, 19, 6);
insert into seat (id, available, number, row) values (790, true, 23, 10);
insert into seat (id, available, number, row) values (791, false, 22, 19);
insert into seat (id, available, number, row) values (792, false, 7, 1);
insert into seat (id, available, number, row) values (793, true, 17, 8);
insert into seat (id, available, number, row) values (794, false, 21, 12);
insert into seat (id, available, number, row) values (795, false, 18, 2);
insert into seat (id, available, number, row) values (796, true, 6, 6);
insert into seat (id, available, number, row) values (797, false, 12, 7);
insert into seat (id, available, number, row) values (798, true, 8, 4);
insert into seat (id, available, number, row) values (799, false, 14, 2);
insert into seat (id, available, number, row) values (800, true, 24, 3);
insert into seat (id, available, number, row) values (801, true, 1, 12);
insert into seat (id, available, number, row) values (802, false, 5, 11);
insert into seat (id, available, number, row) values (803, true, 18, 3);
insert into seat (id, available, number, row) values (804, false, 12, 10);
insert into seat (id, available, number, row) values (805, false, 3, 19);
insert into seat (id, available, number, row) values (806, false, 18, 4);
insert into seat (id, available, number, row) values (807, true, 27, 11);
insert into seat (id, available, number, row) values (808, false, 3, 5);
insert into seat (id, available, number, row) values (809, false, 6, 14);
insert into seat (id, available, number, row) values (810, false, 30, 14);
insert into seat (id, available, number, row) values (811, true, 20, 20);
insert into seat (id, available, number, row) values (812, false, 22, 10);
insert into seat (id, available, number, row) values (813, false, 4, 12);
insert into seat (id, available, number, row) values (814, true, 24, 17);
insert into seat (id, available, number, row) values (815, true, 7, 17);
insert into seat (id, available, number, row) values (816, true, 12, 18);
insert into seat (id, available, number, row) values (817, false, 19, 8);
insert into seat (id, available, number, row) values (818, true, 22, 20);
insert into seat (id, available, number, row) values (819, true, 6, 20);
insert into seat (id, available, number, row) values (820, true, 29, 12);
insert into seat (id, available, number, row) values (821, true, 10, 4);
insert into seat (id, available, number, row) values (822, true, 10, 7);
insert into seat (id, available, number, row) values (823, false, 11, 5);
insert into seat (id, available, number, row) values (824, true, 22, 5);
insert into seat (id, available, number, row) values (825, false, 30, 2);
insert into seat (id, available, number, row) values (826, false, 10, 18);
insert into seat (id, available, number, row) values (827, true, 30, 13);
insert into seat (id, available, number, row) values (828, false, 18, 12);
insert into seat (id, available, number, row) values (829, false, 17, 7);
insert into seat (id, available, number, row) values (830, true, 30, 19);
insert into seat (id, available, number, row) values (831, true, 5, 2);
insert into seat (id, available, number, row) values (832, false, 1, 8);
insert into seat (id, available, number, row) values (833, true, 8, 10);
insert into seat (id, available, number, row) values (834, false, 24, 4);
insert into seat (id, available, number, row) values (835, false, 21, 5);
insert into seat (id, available, number, row) values (836, false, 30, 6);
insert into seat (id, available, number, row) values (837, false, 6, 13);
insert into seat (id, available, number, row) values (838, false, 13, 19);
insert into seat (id, available, number, row) values (839, true, 12, 8);
insert into seat (id, available, number, row) values (840, true, 15, 6);
insert into seat (id, available, number, row) values (841, false, 26, 16);
insert into seat (id, available, number, row) values (842, false, 28, 20);
insert into seat (id, available, number, row) values (843, false, 27, 19);
insert into seat (id, available, number, row) values (844, true, 24, 5);
insert into seat (id, available, number, row) values (845, false, 28, 15);
insert into seat (id, available, number, row) values (846, false, 27, 17);
insert into seat (id, available, number, row) values (847, false, 8, 11);
insert into seat (id, available, number, row) values (848, true, 12, 1);
insert into seat (id, available, number, row) values (849, true, 25, 13);
insert into seat (id, available, number, row) values (850, true, 5, 20);
insert into seat (id, available, number, row) values (851, true, 1, 17);
insert into seat (id, available, number, row) values (852, false, 15, 4);
insert into seat (id, available, number, row) values (853, false, 6, 9);
insert into seat (id, available, number, row) values (854, true, 26, 18);
insert into seat (id, available, number, row) values (855, true, 28, 1);
insert into seat (id, available, number, row) values (856, true, 3, 4);
insert into seat (id, available, number, row) values (857, true, 24, 12);
insert into seat (id, available, number, row) values (858, false, 15, 11);
insert into seat (id, available, number, row) values (859, true, 4, 5);
insert into seat (id, available, number, row) values (860, false, 14, 4);
insert into seat (id, available, number, row) values (861, false, 14, 4);
insert into seat (id, available, number, row) values (862, true, 27, 18);
insert into seat (id, available, number, row) values (863, true, 19, 7);
insert into seat (id, available, number, row) values (864, false, 18, 13);
insert into seat (id, available, number, row) values (865, true, 23, 1);
insert into seat (id, available, number, row) values (866, false, 1, 13);
insert into seat (id, available, number, row) values (867, false, 25, 13);
insert into seat (id, available, number, row) values (868, false, 10, 16);
insert into seat (id, available, number, row) values (869, false, 3, 4);
insert into seat (id, available, number, row) values (870, true, 2, 18);
insert into seat (id, available, number, row) values (871, true, 3, 19);
insert into seat (id, available, number, row) values (872, true, 1, 6);
insert into seat (id, available, number, row) values (873, false, 8, 16);
insert into seat (id, available, number, row) values (874, true, 6, 12);
insert into seat (id, available, number, row) values (875, true, 21, 13);
insert into seat (id, available, number, row) values (876, false, 6, 5);
insert into seat (id, available, number, row) values (877, false, 18, 9);
insert into seat (id, available, number, row) values (878, true, 11, 13);
insert into seat (id, available, number, row) values (879, true, 7, 16);
insert into seat (id, available, number, row) values (880, false, 19, 19);
insert into seat (id, available, number, row) values (881, false, 22, 8);
insert into seat (id, available, number, row) values (882, false, 22, 12);
insert into seat (id, available, number, row) values (883, false, 16, 8);
insert into seat (id, available, number, row) values (884, true, 4, 13);
insert into seat (id, available, number, row) values (885, false, 17, 7);
insert into seat (id, available, number, row) values (886, true, 25, 14);
insert into seat (id, available, number, row) values (887, false, 19, 8);
insert into seat (id, available, number, row) values (888, true, 18, 13);
insert into seat (id, available, number, row) values (889, false, 25, 5);
insert into seat (id, available, number, row) values (890, false, 8, 1);
insert into seat (id, available, number, row) values (891, false, 29, 16);
insert into seat (id, available, number, row) values (892, false, 5, 7);
insert into seat (id, available, number, row) values (893, false, 4, 19);
insert into seat (id, available, number, row) values (894, false, 9, 15);
insert into seat (id, available, number, row) values (895, true, 30, 11);
insert into seat (id, available, number, row) values (896, true, 22, 17);
insert into seat (id, available, number, row) values (897, true, 14, 18);
insert into seat (id, available, number, row) values (898, true, 23, 8);
insert into seat (id, available, number, row) values (899, true, 30, 2);
insert into seat (id, available, number, row) values (900, true, 30, 15);
insert into seat (id, available, number, row) values (901, false, 1, 1);
insert into seat (id, available, number, row) values (902, true, 4, 3);
insert into seat (id, available, number, row) values (903, false, 17, 18);
insert into seat (id, available, number, row) values (904, false, 17, 8);
insert into seat (id, available, number, row) values (905, false, 8, 4);
insert into seat (id, available, number, row) values (906, true, 2, 8);
insert into seat (id, available, number, row) values (907, false, 2, 11);
insert into seat (id, available, number, row) values (908, false, 8, 17);
insert into seat (id, available, number, row) values (909, false, 13, 7);
insert into seat (id, available, number, row) values (910, true, 17, 3);
insert into seat (id, available, number, row) values (911, false, 12, 20);
insert into seat (id, available, number, row) values (912, false, 1, 12);
insert into seat (id, available, number, row) values (913, false, 24, 3);
insert into seat (id, available, number, row) values (914, false, 17, 6);
insert into seat (id, available, number, row) values (915, true, 8, 7);
insert into seat (id, available, number, row) values (916, true, 28, 2);
insert into seat (id, available, number, row) values (917, true, 2, 4);
insert into seat (id, available, number, row) values (918, true, 8, 18);
insert into seat (id, available, number, row) values (919, true, 11, 9);
insert into seat (id, available, number, row) values (920, true, 20, 9);
insert into seat (id, available, number, row) values (921, false, 17, 19);
insert into seat (id, available, number, row) values (922, true, 16, 2);
insert into seat (id, available, number, row) values (923, false, 6, 2);
insert into seat (id, available, number, row) values (924, false, 6, 9);
insert into seat (id, available, number, row) values (925, true, 9, 2);
insert into seat (id, available, number, row) values (926, false, 25, 11);
insert into seat (id, available, number, row) values (927, true, 7, 9);
insert into seat (id, available, number, row) values (928, true, 24, 15);
insert into seat (id, available, number, row) values (929, true, 20, 15);
insert into seat (id, available, number, row) values (930, false, 3, 3);
insert into seat (id, available, number, row) values (931, false, 6, 6);
insert into seat (id, available, number, row) values (932, false, 30, 15);
insert into seat (id, available, number, row) values (933, false, 12, 11);
insert into seat (id, available, number, row) values (934, false, 30, 2);
insert into seat (id, available, number, row) values (935, false, 15, 4);
insert into seat (id, available, number, row) values (936, true, 29, 18);
insert into seat (id, available, number, row) values (937, false, 10, 18);
insert into seat (id, available, number, row) values (938, false, 13, 5);
insert into seat (id, available, number, row) values (939, false, 2, 1);
insert into seat (id, available, number, row) values (940, false, 8, 20);
insert into seat (id, available, number, row) values (941, true, 14, 3);
insert into seat (id, available, number, row) values (942, false, 24, 5);
insert into seat (id, available, number, row) values (943, false, 1, 10);
insert into seat (id, available, number, row) values (944, false, 14, 18);
insert into seat (id, available, number, row) values (945, true, 4, 7);
insert into seat (id, available, number, row) values (946, true, 24, 4);
insert into seat (id, available, number, row) values (947, false, 13, 16);
insert into seat (id, available, number, row) values (948, true, 7, 12);
insert into seat (id, available, number, row) values (949, false, 2, 19);
insert into seat (id, available, number, row) values (950, false, 3, 8);
insert into seat (id, available, number, row) values (951, true, 6, 2);
insert into seat (id, available, number, row) values (952, true, 11, 19);
insert into seat (id, available, number, row) values (953, false, 16, 19);
insert into seat (id, available, number, row) values (954, true, 8, 15);
insert into seat (id, available, number, row) values (955, false, 30, 12);
insert into seat (id, available, number, row) values (956, true, 12, 2);
insert into seat (id, available, number, row) values (957, false, 8, 6);
insert into seat (id, available, number, row) values (958, true, 11, 4);
insert into seat (id, available, number, row) values (959, true, 4, 14);
insert into seat (id, available, number, row) values (960, true, 16, 17);
insert into seat (id, available, number, row) values (961, true, 27, 20);
insert into seat (id, available, number, row) values (962, false, 29, 6);
insert into seat (id, available, number, row) values (963, true, 10, 9);
insert into seat (id, available, number, row) values (964, false, 18, 6);
insert into seat (id, available, number, row) values (965, false, 11, 6);
insert into seat (id, available, number, row) values (966, false, 20, 17);
insert into seat (id, available, number, row) values (967, true, 6, 20);
insert into seat (id, available, number, row) values (968, true, 10, 11);
insert into seat (id, available, number, row) values (969, false, 30, 18);
insert into seat (id, available, number, row) values (970, true, 6, 18);
insert into seat (id, available, number, row) values (971, false, 14, 18);
insert into seat (id, available, number, row) values (972, true, 9, 16);
insert into seat (id, available, number, row) values (973, true, 9, 15);
insert into seat (id, available, number, row) values (974, true, 18, 13);
insert into seat (id, available, number, row) values (975, false, 17, 16);
insert into seat (id, available, number, row) values (976, true, 15, 19);
insert into seat (id, available, number, row) values (977, true, 17, 9);
insert into seat (id, available, number, row) values (978, true, 23, 17);
insert into seat (id, available, number, row) values (979, false, 27, 9);
insert into seat (id, available, number, row) values (980, true, 11, 15);
insert into seat (id, available, number, row) values (981, true, 25, 20);
insert into seat (id, available, number, row) values (982, true, 11, 14);
insert into seat (id, available, number, row) values (983, true, 12, 15);
insert into seat (id, available, number, row) values (984, true, 13, 11);
insert into seat (id, available, number, row) values (985, true, 29, 6);
insert into seat (id, available, number, row) values (986, true, 25, 16);
insert into seat (id, available, number, row) values (987, true, 23, 16);
insert into seat (id, available, number, row) values (988, false, 17, 5);
insert into seat (id, available, number, row) values (989, false, 5, 2);
insert into seat (id, available, number, row) values (990, true, 7, 6);
insert into seat (id, available, number, row) values (991, false, 6, 13);
insert into seat (id, available, number, row) values (992, false, 18, 7);
insert into seat (id, available, number, row) values (993, true, 19, 16);
insert into seat (id, available, number, row) values (994, false, 17, 19);
insert into seat (id, available, number, row) values (995, true, 17, 1);
insert into seat (id, available, number, row) values (996, true, 25, 7);
insert into seat (id, available, number, row) values (997, true, 12, 8);
insert into seat (id, available, number, row) values (998, true, 16, 1);
insert into seat (id, available, number, row) values (999, true, 4, 11);
insert into seat (id, available, number, row) values (1000, true, 25, 20);

insert into ticket (id, price, performance_id, seat_id) values (1, 1805, 5, 1);
insert into ticket (id, price, performance_id, seat_id) values (2, 290, 2, 2);
insert into ticket (id, price, performance_id, seat_id) values (3, 607, 14, 3);
insert into ticket (id, price, performance_id, seat_id) values (4, 872, 6, 4);
insert into ticket (id, price, performance_id, seat_id) values (5, 182, 17, 5);
insert into ticket (id, price, performance_id, seat_id) values (6, 412, 6, 6);
insert into ticket (id, price, performance_id, seat_id) values (7, 1938, 3, 7);
insert into ticket (id, price, performance_id, seat_id) values (8, 876, 5, 8);
insert into ticket (id, price, performance_id, seat_id) values (9, 1267, 16, 9);
insert into ticket (id, price, performance_id, seat_id) values (10, 479, 11, 10);
insert into ticket (id, price, performance_id, seat_id) values (11, 1742, 13, 11);
insert into ticket (id, price, performance_id, seat_id) values (12, 1277, 6, 12);
insert into ticket (id, price, performance_id, seat_id) values (13, 807, 12, 13);
insert into ticket (id, price, performance_id, seat_id) values (14, 1586, 16, 14);
insert into ticket (id, price, performance_id, seat_id) values (15, 858, 20, 15);
insert into ticket (id, price, performance_id, seat_id) values (16, 1604, 5, 16);
insert into ticket (id, price, performance_id, seat_id) values (17, 1500, 9, 17);
insert into ticket (id, price, performance_id, seat_id) values (18, 1809, 8, 18);
insert into ticket (id, price, performance_id, seat_id) values (19, 193, 9, 19);
insert into ticket (id, price, performance_id, seat_id) values (20, 1724, 8, 20);
insert into ticket (id, price, performance_id, seat_id) values (21, 1054, 8, 21);
insert into ticket (id, price, performance_id, seat_id) values (22, 1894, 18, 22);
insert into ticket (id, price, performance_id, seat_id) values (23, 1987, 16, 23);
insert into ticket (id, price, performance_id, seat_id) values (24, 1867, 2, 24);
insert into ticket (id, price, performance_id, seat_id) values (25, 488, 6, 25);
insert into ticket (id, price, performance_id, seat_id) values (26, 1825, 8, 26);
insert into ticket (id, price, performance_id, seat_id) values (27, 783, 7, 27);
insert into ticket (id, price, performance_id, seat_id) values (28, 1156, 17, 28);
insert into ticket (id, price, performance_id, seat_id) values (29, 135, 20, 29);
insert into ticket (id, price, performance_id, seat_id) values (30, 238, 13, 30);
insert into ticket (id, price, performance_id, seat_id) values (31, 955, 19, 31);
insert into ticket (id, price, performance_id, seat_id) values (32, 1371, 9, 32);
insert into ticket (id, price, performance_id, seat_id) values (33, 1299, 8, 33);
insert into ticket (id, price, performance_id, seat_id) values (34, 359, 9, 34);
insert into ticket (id, price, performance_id, seat_id) values (35, 20, 19, 35);
insert into ticket (id, price, performance_id, seat_id) values (36, 773, 8, 36);
insert into ticket (id, price, performance_id, seat_id) values (37, 137, 4, 37);
insert into ticket (id, price, performance_id, seat_id) values (38, 895, 10, 38);
insert into ticket (id, price, performance_id, seat_id) values (39, 1302, 15, 39);
insert into ticket (id, price, performance_id, seat_id) values (40, 1799, 8, 40);
insert into ticket (id, price, performance_id, seat_id) values (41, 240, 18, 41);
insert into ticket (id, price, performance_id, seat_id) values (42, 108, 16, 42);
insert into ticket (id, price, performance_id, seat_id) values (43, 515, 8, 43);
insert into ticket (id, price, performance_id, seat_id) values (44, 187, 5, 44);
insert into ticket (id, price, performance_id, seat_id) values (45, 1022, 17, 45);
insert into ticket (id, price, performance_id, seat_id) values (46, 1733, 6, 46);
insert into ticket (id, price, performance_id, seat_id) values (47, 439, 18, 47);
insert into ticket (id, price, performance_id, seat_id) values (48, 910, 6, 48);
insert into ticket (id, price, performance_id, seat_id) values (49, 771, 1, 49);
insert into ticket (id, price, performance_id, seat_id) values (50, 1146, 18, 50);
insert into ticket (id, price, performance_id, seat_id) values (51, 308, 3, 51);
insert into ticket (id, price, performance_id, seat_id) values (52, 1767, 9, 52);
insert into ticket (id, price, performance_id, seat_id) values (53, 261, 3, 53);
insert into ticket (id, price, performance_id, seat_id) values (54, 1144, 14, 54);
insert into ticket (id, price, performance_id, seat_id) values (55, 1484, 14, 55);
insert into ticket (id, price, performance_id, seat_id) values (56, 187, 14, 56);
insert into ticket (id, price, performance_id, seat_id) values (57, 1689, 20, 57);
insert into ticket (id, price, performance_id, seat_id) values (58, 1932, 11, 58);
insert into ticket (id, price, performance_id, seat_id) values (59, 973, 1, 59);
insert into ticket (id, price, performance_id, seat_id) values (60, 1080, 16, 60);
insert into ticket (id, price, performance_id, seat_id) values (61, 1810, 3, 61);
insert into ticket (id, price, performance_id, seat_id) values (62, 273, 16, 62);
insert into ticket (id, price, performance_id, seat_id) values (63, 878, 15, 63);
insert into ticket (id, price, performance_id, seat_id) values (64, 174, 8, 64);
insert into ticket (id, price, performance_id, seat_id) values (65, 382, 14, 65);
insert into ticket (id, price, performance_id, seat_id) values (66, 1630, 19, 66);
insert into ticket (id, price, performance_id, seat_id) values (67, 1594, 15, 67);
insert into ticket (id, price, performance_id, seat_id) values (68, 1138, 2, 68);
insert into ticket (id, price, performance_id, seat_id) values (69, 1113, 14, 69);
insert into ticket (id, price, performance_id, seat_id) values (70, 1066, 6, 70);
insert into ticket (id, price, performance_id, seat_id) values (71, 1012, 5, 71);
insert into ticket (id, price, performance_id, seat_id) values (72, 438, 12, 72);
insert into ticket (id, price, performance_id, seat_id) values (73, 980, 11, 73);
insert into ticket (id, price, performance_id, seat_id) values (74, 727, 9, 74);
insert into ticket (id, price, performance_id, seat_id) values (75, 980, 16, 75);
insert into ticket (id, price, performance_id, seat_id) values (76, 1482, 17, 76);
insert into ticket (id, price, performance_id, seat_id) values (77, 1870, 8, 77);
insert into ticket (id, price, performance_id, seat_id) values (78, 113, 10, 78);
insert into ticket (id, price, performance_id, seat_id) values (79, 1903, 8, 79);
insert into ticket (id, price, performance_id, seat_id) values (80, 790, 10, 80);
insert into ticket (id, price, performance_id, seat_id) values (81, 566, 11, 81);
insert into ticket (id, price, performance_id, seat_id) values (82, 477, 12, 82);
insert into ticket (id, price, performance_id, seat_id) values (83, 304, 12, 83);
insert into ticket (id, price, performance_id, seat_id) values (84, 260, 3, 84);
insert into ticket (id, price, performance_id, seat_id) values (85, 407, 6, 85);
insert into ticket (id, price, performance_id, seat_id) values (86, 1271, 8, 86);
insert into ticket (id, price, performance_id, seat_id) values (87, 676, 10, 87);
insert into ticket (id, price, performance_id, seat_id) values (88, 759, 13, 88);
insert into ticket (id, price, performance_id, seat_id) values (89, 1211, 13, 89);
insert into ticket (id, price, performance_id, seat_id) values (90, 248, 20, 90);
insert into ticket (id, price, performance_id, seat_id) values (91, 1424, 8, 91);
insert into ticket (id, price, performance_id, seat_id) values (92, 1874, 3, 92);
insert into ticket (id, price, performance_id, seat_id) values (93, 229, 14, 93);
insert into ticket (id, price, performance_id, seat_id) values (94, 1427, 6, 94);
insert into ticket (id, price, performance_id, seat_id) values (95, 1963, 20, 95);
insert into ticket (id, price, performance_id, seat_id) values (96, 1966, 12, 96);
insert into ticket (id, price, performance_id, seat_id) values (97, 219, 9, 97);
insert into ticket (id, price, performance_id, seat_id) values (98, 1886, 16, 98);
insert into ticket (id, price, performance_id, seat_id) values (99, 842, 15, 99);
insert into ticket (id, price, performance_id, seat_id) values (100, 59, 4, 100);
insert into ticket (id, price, performance_id, seat_id) values (101, 359, 15, 101);
insert into ticket (id, price, performance_id, seat_id) values (102, 1203, 12, 102);
insert into ticket (id, price, performance_id, seat_id) values (103, 1642, 1, 103);
insert into ticket (id, price, performance_id, seat_id) values (104, 1125, 1, 104);
insert into ticket (id, price, performance_id, seat_id) values (105, 1364, 17, 105);
insert into ticket (id, price, performance_id, seat_id) values (106, 633, 11, 106);
insert into ticket (id, price, performance_id, seat_id) values (107, 1785, 4, 107);
insert into ticket (id, price, performance_id, seat_id) values (108, 210, 9, 108);
insert into ticket (id, price, performance_id, seat_id) values (109, 708, 9, 109);
insert into ticket (id, price, performance_id, seat_id) values (110, 1054, 7, 110);
insert into ticket (id, price, performance_id, seat_id) values (111, 956, 5, 111);
insert into ticket (id, price, performance_id, seat_id) values (112, 460, 3, 112);
insert into ticket (id, price, performance_id, seat_id) values (113, 1208, 12, 113);
insert into ticket (id, price, performance_id, seat_id) values (114, 38, 3, 114);
insert into ticket (id, price, performance_id, seat_id) values (115, 940, 16, 115);
insert into ticket (id, price, performance_id, seat_id) values (116, 1678, 9, 116);
insert into ticket (id, price, performance_id, seat_id) values (117, 983, 16, 117);
insert into ticket (id, price, performance_id, seat_id) values (118, 849, 2, 118);
insert into ticket (id, price, performance_id, seat_id) values (119, 853, 11, 119);
insert into ticket (id, price, performance_id, seat_id) values (120, 1684, 12, 120);
insert into ticket (id, price, performance_id, seat_id) values (121, 1646, 6, 121);
insert into ticket (id, price, performance_id, seat_id) values (122, 37, 13, 122);
insert into ticket (id, price, performance_id, seat_id) values (123, 996, 8, 123);
insert into ticket (id, price, performance_id, seat_id) values (124, 623, 20, 124);
insert into ticket (id, price, performance_id, seat_id) values (125, 1712, 8, 125);
insert into ticket (id, price, performance_id, seat_id) values (126, 1983, 3, 126);
insert into ticket (id, price, performance_id, seat_id) values (127, 1653, 20, 127);
insert into ticket (id, price, performance_id, seat_id) values (128, 1320, 17, 128);
insert into ticket (id, price, performance_id, seat_id) values (129, 890, 7, 129);
insert into ticket (id, price, performance_id, seat_id) values (130, 143, 14, 130);
insert into ticket (id, price, performance_id, seat_id) values (131, 1175, 19, 131);
insert into ticket (id, price, performance_id, seat_id) values (132, 1362, 11, 132);
insert into ticket (id, price, performance_id, seat_id) values (133, 487, 9, 133);
insert into ticket (id, price, performance_id, seat_id) values (134, 733, 9, 134);
insert into ticket (id, price, performance_id, seat_id) values (135, 311, 8, 135);
insert into ticket (id, price, performance_id, seat_id) values (136, 1711, 13, 136);
insert into ticket (id, price, performance_id, seat_id) values (137, 243, 13, 137);
insert into ticket (id, price, performance_id, seat_id) values (138, 58, 4, 138);
insert into ticket (id, price, performance_id, seat_id) values (139, 780, 3, 139);
insert into ticket (id, price, performance_id, seat_id) values (140, 1821, 17, 140);
insert into ticket (id, price, performance_id, seat_id) values (141, 1259, 20, 141);
insert into ticket (id, price, performance_id, seat_id) values (142, 210, 4, 142);
insert into ticket (id, price, performance_id, seat_id) values (143, 185, 12, 143);
insert into ticket (id, price, performance_id, seat_id) values (144, 1015, 2, 144);
insert into ticket (id, price, performance_id, seat_id) values (145, 480, 18, 145);
insert into ticket (id, price, performance_id, seat_id) values (146, 123, 17, 146);
insert into ticket (id, price, performance_id, seat_id) values (147, 1121, 11, 147);
insert into ticket (id, price, performance_id, seat_id) values (148, 1188, 4, 148);
insert into ticket (id, price, performance_id, seat_id) values (149, 354, 11, 149);
insert into ticket (id, price, performance_id, seat_id) values (150, 940, 3, 150);
insert into ticket (id, price, performance_id, seat_id) values (151, 1371, 7, 151);
insert into ticket (id, price, performance_id, seat_id) values (152, 1401, 4, 152);
insert into ticket (id, price, performance_id, seat_id) values (153, 995, 14, 153);
insert into ticket (id, price, performance_id, seat_id) values (154, 1993, 2, 154);
insert into ticket (id, price, performance_id, seat_id) values (155, 557, 6, 155);
insert into ticket (id, price, performance_id, seat_id) values (156, 461, 3, 156);
insert into ticket (id, price, performance_id, seat_id) values (157, 1838, 14, 157);
insert into ticket (id, price, performance_id, seat_id) values (158, 1609, 11, 158);
insert into ticket (id, price, performance_id, seat_id) values (159, 1034, 8, 159);
insert into ticket (id, price, performance_id, seat_id) values (160, 1348, 15, 160);
insert into ticket (id, price, performance_id, seat_id) values (161, 713, 20, 161);
insert into ticket (id, price, performance_id, seat_id) values (162, 987, 8, 162);
insert into ticket (id, price, performance_id, seat_id) values (163, 1199, 20, 163);
insert into ticket (id, price, performance_id, seat_id) values (164, 1567, 4, 164);
insert into ticket (id, price, performance_id, seat_id) values (165, 1126, 15, 165);
insert into ticket (id, price, performance_id, seat_id) values (166, 118, 9, 166);
insert into ticket (id, price, performance_id, seat_id) values (167, 1688, 3, 167);
insert into ticket (id, price, performance_id, seat_id) values (168, 381, 19, 168);
insert into ticket (id, price, performance_id, seat_id) values (169, 532, 17, 169);
insert into ticket (id, price, performance_id, seat_id) values (170, 1878, 19, 170);
insert into ticket (id, price, performance_id, seat_id) values (171, 506, 14, 171);
insert into ticket (id, price, performance_id, seat_id) values (172, 672, 19, 172);
insert into ticket (id, price, performance_id, seat_id) values (173, 1288, 7, 173);
insert into ticket (id, price, performance_id, seat_id) values (174, 356, 2, 174);
insert into ticket (id, price, performance_id, seat_id) values (175, 1538, 3, 175);
insert into ticket (id, price, performance_id, seat_id) values (176, 1896, 1, 176);
insert into ticket (id, price, performance_id, seat_id) values (177, 1531, 18, 177);
insert into ticket (id, price, performance_id, seat_id) values (178, 224, 13, 178);
insert into ticket (id, price, performance_id, seat_id) values (179, 1610, 16, 179);
insert into ticket (id, price, performance_id, seat_id) values (180, 1359, 6, 180);
insert into ticket (id, price, performance_id, seat_id) values (181, 1440, 11, 181);
insert into ticket (id, price, performance_id, seat_id) values (182, 711, 7, 182);
insert into ticket (id, price, performance_id, seat_id) values (183, 1721, 19, 183);
insert into ticket (id, price, performance_id, seat_id) values (184, 1406, 7, 184);
insert into ticket (id, price, performance_id, seat_id) values (185, 874, 14, 185);
insert into ticket (id, price, performance_id, seat_id) values (186, 1087, 5, 186);
insert into ticket (id, price, performance_id, seat_id) values (187, 1844, 11, 187);
insert into ticket (id, price, performance_id, seat_id) values (188, 834, 9, 188);
insert into ticket (id, price, performance_id, seat_id) values (189, 1323, 7, 189);
insert into ticket (id, price, performance_id, seat_id) values (190, 1244, 15, 190);
insert into ticket (id, price, performance_id, seat_id) values (191, 240, 10, 191);
insert into ticket (id, price, performance_id, seat_id) values (192, 744, 16, 192);
insert into ticket (id, price, performance_id, seat_id) values (193, 1813, 17, 193);
insert into ticket (id, price, performance_id, seat_id) values (194, 371, 14, 194);
insert into ticket (id, price, performance_id, seat_id) values (195, 1201, 2, 195);
insert into ticket (id, price, performance_id, seat_id) values (196, 1867, 3, 196);
insert into ticket (id, price, performance_id, seat_id) values (197, 1709, 16, 197);
insert into ticket (id, price, performance_id, seat_id) values (198, 1996, 16, 198);
insert into ticket (id, price, performance_id, seat_id) values (199, 58, 18, 199);
insert into ticket (id, price, performance_id, seat_id) values (200, 576, 8, 200);
insert into ticket (id, price, performance_id, seat_id) values (201, 1184, 7, 201);
insert into ticket (id, price, performance_id, seat_id) values (202, 1585, 13, 202);
insert into ticket (id, price, performance_id, seat_id) values (203, 638, 11, 203);
insert into ticket (id, price, performance_id, seat_id) values (204, 266, 12, 204);
insert into ticket (id, price, performance_id, seat_id) values (205, 34, 19, 205);
insert into ticket (id, price, performance_id, seat_id) values (206, 701, 18, 206);
insert into ticket (id, price, performance_id, seat_id) values (207, 1085, 11, 207);
insert into ticket (id, price, performance_id, seat_id) values (208, 1593, 9, 208);
insert into ticket (id, price, performance_id, seat_id) values (209, 804, 19, 209);
insert into ticket (id, price, performance_id, seat_id) values (210, 397, 12, 210);
insert into ticket (id, price, performance_id, seat_id) values (211, 758, 6, 211);
insert into ticket (id, price, performance_id, seat_id) values (212, 1093, 13, 212);
insert into ticket (id, price, performance_id, seat_id) values (213, 697, 15, 213);
insert into ticket (id, price, performance_id, seat_id) values (214, 1705, 11, 214);
insert into ticket (id, price, performance_id, seat_id) values (215, 743, 17, 215);
insert into ticket (id, price, performance_id, seat_id) values (216, 1737, 16, 216);
insert into ticket (id, price, performance_id, seat_id) values (217, 844, 18, 217);
insert into ticket (id, price, performance_id, seat_id) values (218, 1460, 8, 218);
insert into ticket (id, price, performance_id, seat_id) values (219, 461, 13, 219);
insert into ticket (id, price, performance_id, seat_id) values (220, 1606, 7, 220);
insert into ticket (id, price, performance_id, seat_id) values (221, 1603, 1, 221);
insert into ticket (id, price, performance_id, seat_id) values (222, 501, 3, 222);
insert into ticket (id, price, performance_id, seat_id) values (223, 1795, 1, 223);
insert into ticket (id, price, performance_id, seat_id) values (224, 255, 20, 224);
insert into ticket (id, price, performance_id, seat_id) values (225, 1959, 6, 225);
insert into ticket (id, price, performance_id, seat_id) values (226, 1665, 5, 226);
insert into ticket (id, price, performance_id, seat_id) values (227, 409, 13, 227);
insert into ticket (id, price, performance_id, seat_id) values (228, 23, 18, 228);
insert into ticket (id, price, performance_id, seat_id) values (229, 1664, 14, 229);
insert into ticket (id, price, performance_id, seat_id) values (230, 1923, 18, 230);
insert into ticket (id, price, performance_id, seat_id) values (231, 895, 13, 231);
insert into ticket (id, price, performance_id, seat_id) values (232, 928, 14, 232);
insert into ticket (id, price, performance_id, seat_id) values (233, 491, 10, 233);
insert into ticket (id, price, performance_id, seat_id) values (234, 1905, 6, 234);
insert into ticket (id, price, performance_id, seat_id) values (235, 774, 20, 235);
insert into ticket (id, price, performance_id, seat_id) values (236, 64, 18, 236);
insert into ticket (id, price, performance_id, seat_id) values (237, 1836, 19, 237);
insert into ticket (id, price, performance_id, seat_id) values (238, 1811, 7, 238);
insert into ticket (id, price, performance_id, seat_id) values (239, 1068, 5, 239);
insert into ticket (id, price, performance_id, seat_id) values (240, 1618, 13, 240);
insert into ticket (id, price, performance_id, seat_id) values (241, 1582, 14, 241);
insert into ticket (id, price, performance_id, seat_id) values (242, 59, 19, 242);
insert into ticket (id, price, performance_id, seat_id) values (243, 756, 16, 243);
insert into ticket (id, price, performance_id, seat_id) values (244, 1229, 8, 244);
insert into ticket (id, price, performance_id, seat_id) values (245, 1532, 4, 245);
insert into ticket (id, price, performance_id, seat_id) values (246, 1352, 19, 246);
insert into ticket (id, price, performance_id, seat_id) values (247, 1820, 10, 247);
insert into ticket (id, price, performance_id, seat_id) values (248, 1391, 7, 248);
insert into ticket (id, price, performance_id, seat_id) values (249, 1959, 7, 249);
insert into ticket (id, price, performance_id, seat_id) values (250, 1682, 20, 250);
insert into ticket (id, price, performance_id, seat_id) values (251, 72, 20, 251);
insert into ticket (id, price, performance_id, seat_id) values (252, 1781, 17, 252);
insert into ticket (id, price, performance_id, seat_id) values (253, 1097, 9, 253);
insert into ticket (id, price, performance_id, seat_id) values (254, 1966, 9, 254);
insert into ticket (id, price, performance_id, seat_id) values (255, 1074, 10, 255);
insert into ticket (id, price, performance_id, seat_id) values (256, 236, 9, 256);
insert into ticket (id, price, performance_id, seat_id) values (257, 928, 17, 257);
insert into ticket (id, price, performance_id, seat_id) values (258, 1702, 18, 258);
insert into ticket (id, price, performance_id, seat_id) values (259, 1956, 6, 259);
insert into ticket (id, price, performance_id, seat_id) values (260, 119, 5, 260);
insert into ticket (id, price, performance_id, seat_id) values (261, 432, 20, 261);
insert into ticket (id, price, performance_id, seat_id) values (262, 1583, 1, 262);
insert into ticket (id, price, performance_id, seat_id) values (263, 819, 3, 263);
insert into ticket (id, price, performance_id, seat_id) values (264, 934, 3, 264);
insert into ticket (id, price, performance_id, seat_id) values (265, 469, 16, 265);
insert into ticket (id, price, performance_id, seat_id) values (266, 1610, 3, 266);
insert into ticket (id, price, performance_id, seat_id) values (267, 102, 17, 267);
insert into ticket (id, price, performance_id, seat_id) values (268, 395, 14, 268);
insert into ticket (id, price, performance_id, seat_id) values (269, 1504, 2, 269);
insert into ticket (id, price, performance_id, seat_id) values (270, 621, 2, 270);
insert into ticket (id, price, performance_id, seat_id) values (271, 507, 4, 271);
insert into ticket (id, price, performance_id, seat_id) values (272, 1194, 13, 272);
insert into ticket (id, price, performance_id, seat_id) values (273, 396, 18, 273);
insert into ticket (id, price, performance_id, seat_id) values (274, 575, 4, 274);
insert into ticket (id, price, performance_id, seat_id) values (275, 1673, 13, 275);
insert into ticket (id, price, performance_id, seat_id) values (276, 1271, 14, 276);
insert into ticket (id, price, performance_id, seat_id) values (277, 1826, 11, 277);
insert into ticket (id, price, performance_id, seat_id) values (278, 359, 9, 278);
insert into ticket (id, price, performance_id, seat_id) values (279, 930, 5, 279);
insert into ticket (id, price, performance_id, seat_id) values (280, 1817, 15, 280);
insert into ticket (id, price, performance_id, seat_id) values (281, 1614, 9, 281);
insert into ticket (id, price, performance_id, seat_id) values (282, 760, 13, 282);
insert into ticket (id, price, performance_id, seat_id) values (283, 565, 20, 283);
insert into ticket (id, price, performance_id, seat_id) values (284, 1600, 3, 284);
insert into ticket (id, price, performance_id, seat_id) values (285, 1770, 3, 285);
insert into ticket (id, price, performance_id, seat_id) values (286, 1660, 9, 286);
insert into ticket (id, price, performance_id, seat_id) values (287, 1232, 16, 287);
insert into ticket (id, price, performance_id, seat_id) values (288, 1836, 8, 288);
insert into ticket (id, price, performance_id, seat_id) values (289, 482, 2, 289);
insert into ticket (id, price, performance_id, seat_id) values (290, 981, 15, 290);
insert into ticket (id, price, performance_id, seat_id) values (291, 453, 15, 291);
insert into ticket (id, price, performance_id, seat_id) values (292, 1922, 20, 292);
insert into ticket (id, price, performance_id, seat_id) values (293, 1805, 9, 293);
insert into ticket (id, price, performance_id, seat_id) values (294, 277, 8, 294);
insert into ticket (id, price, performance_id, seat_id) values (295, 1583, 11, 295);
insert into ticket (id, price, performance_id, seat_id) values (296, 1116, 14, 296);
insert into ticket (id, price, performance_id, seat_id) values (297, 1665, 12, 297);
insert into ticket (id, price, performance_id, seat_id) values (298, 189, 3, 298);
insert into ticket (id, price, performance_id, seat_id) values (299, 338, 18, 299);
insert into ticket (id, price, performance_id, seat_id) values (300, 496, 10, 300);
insert into ticket (id, price, performance_id, seat_id) values (301, 1544, 9, 301);
insert into ticket (id, price, performance_id, seat_id) values (302, 797, 5, 302);
insert into ticket (id, price, performance_id, seat_id) values (303, 234, 12, 303);
insert into ticket (id, price, performance_id, seat_id) values (304, 1369, 14, 304);
insert into ticket (id, price, performance_id, seat_id) values (305, 330, 12, 305);
insert into ticket (id, price, performance_id, seat_id) values (306, 28, 7, 306);
insert into ticket (id, price, performance_id, seat_id) values (307, 155, 2, 307);
insert into ticket (id, price, performance_id, seat_id) values (308, 706, 10, 308);
insert into ticket (id, price, performance_id, seat_id) values (309, 836, 12, 309);
insert into ticket (id, price, performance_id, seat_id) values (310, 56, 4, 310);
insert into ticket (id, price, performance_id, seat_id) values (311, 744, 6, 311);
insert into ticket (id, price, performance_id, seat_id) values (312, 330, 19, 312);
insert into ticket (id, price, performance_id, seat_id) values (313, 1437, 18, 313);
insert into ticket (id, price, performance_id, seat_id) values (314, 1262, 6, 314);
insert into ticket (id, price, performance_id, seat_id) values (315, 1940, 18, 315);
insert into ticket (id, price, performance_id, seat_id) values (316, 1487, 17, 316);
insert into ticket (id, price, performance_id, seat_id) values (317, 1747, 20, 317);
insert into ticket (id, price, performance_id, seat_id) values (318, 1314, 6, 318);
insert into ticket (id, price, performance_id, seat_id) values (319, 1031, 13, 319);
insert into ticket (id, price, performance_id, seat_id) values (320, 1387, 5, 320);
insert into ticket (id, price, performance_id, seat_id) values (321, 790, 11, 321);
insert into ticket (id, price, performance_id, seat_id) values (322, 983, 18, 322);
insert into ticket (id, price, performance_id, seat_id) values (323, 1468, 9, 323);
insert into ticket (id, price, performance_id, seat_id) values (324, 1792, 7, 324);
insert into ticket (id, price, performance_id, seat_id) values (325, 760, 13, 325);
insert into ticket (id, price, performance_id, seat_id) values (326, 631, 3, 326);
insert into ticket (id, price, performance_id, seat_id) values (327, 526, 17, 327);
insert into ticket (id, price, performance_id, seat_id) values (328, 1018, 18, 328);
insert into ticket (id, price, performance_id, seat_id) values (329, 292, 11, 329);
insert into ticket (id, price, performance_id, seat_id) values (330, 1075, 6, 330);
insert into ticket (id, price, performance_id, seat_id) values (331, 863, 3, 331);
insert into ticket (id, price, performance_id, seat_id) values (332, 263, 10, 332);
insert into ticket (id, price, performance_id, seat_id) values (333, 723, 5, 333);
insert into ticket (id, price, performance_id, seat_id) values (334, 109, 1, 334);
insert into ticket (id, price, performance_id, seat_id) values (335, 1431, 12, 335);
insert into ticket (id, price, performance_id, seat_id) values (336, 1972, 16, 336);
insert into ticket (id, price, performance_id, seat_id) values (337, 22, 11, 337);
insert into ticket (id, price, performance_id, seat_id) values (338, 1175, 7, 338);
insert into ticket (id, price, performance_id, seat_id) values (339, 729, 7, 339);
insert into ticket (id, price, performance_id, seat_id) values (340, 1060, 11, 340);
insert into ticket (id, price, performance_id, seat_id) values (341, 398, 1, 341);
insert into ticket (id, price, performance_id, seat_id) values (342, 277, 1, 342);
insert into ticket (id, price, performance_id, seat_id) values (343, 1228, 14, 343);
insert into ticket (id, price, performance_id, seat_id) values (344, 1755, 19, 344);
insert into ticket (id, price, performance_id, seat_id) values (345, 633, 18, 345);
insert into ticket (id, price, performance_id, seat_id) values (346, 705, 6, 346);
insert into ticket (id, price, performance_id, seat_id) values (347, 701, 20, 347);
insert into ticket (id, price, performance_id, seat_id) values (348, 1586, 1, 348);
insert into ticket (id, price, performance_id, seat_id) values (349, 460, 8, 349);
insert into ticket (id, price, performance_id, seat_id) values (350, 40, 4, 350);
insert into ticket (id, price, performance_id, seat_id) values (351, 1453, 1, 351);
insert into ticket (id, price, performance_id, seat_id) values (352, 1085, 2, 352);
insert into ticket (id, price, performance_id, seat_id) values (353, 874, 9, 353);
insert into ticket (id, price, performance_id, seat_id) values (354, 1585, 7, 354);
insert into ticket (id, price, performance_id, seat_id) values (355, 719, 8, 355);
insert into ticket (id, price, performance_id, seat_id) values (356, 1445, 13, 356);
insert into ticket (id, price, performance_id, seat_id) values (357, 519, 12, 357);
insert into ticket (id, price, performance_id, seat_id) values (358, 1065, 15, 358);
insert into ticket (id, price, performance_id, seat_id) values (359, 293, 6, 359);
insert into ticket (id, price, performance_id, seat_id) values (360, 414, 8, 360);
insert into ticket (id, price, performance_id, seat_id) values (361, 101, 18, 361);
insert into ticket (id, price, performance_id, seat_id) values (362, 217, 16, 362);
insert into ticket (id, price, performance_id, seat_id) values (363, 87, 19, 363);
insert into ticket (id, price, performance_id, seat_id) values (364, 1163, 4, 364);
insert into ticket (id, price, performance_id, seat_id) values (365, 1854, 7, 365);
insert into ticket (id, price, performance_id, seat_id) values (366, 124, 13, 366);
insert into ticket (id, price, performance_id, seat_id) values (367, 1915, 2, 367);
insert into ticket (id, price, performance_id, seat_id) values (368, 245, 8, 368);
insert into ticket (id, price, performance_id, seat_id) values (369, 794, 16, 369);
insert into ticket (id, price, performance_id, seat_id) values (370, 607, 4, 370);
insert into ticket (id, price, performance_id, seat_id) values (371, 631, 1, 371);
insert into ticket (id, price, performance_id, seat_id) values (372, 312, 3, 372);
insert into ticket (id, price, performance_id, seat_id) values (373, 377, 7, 373);
insert into ticket (id, price, performance_id, seat_id) values (374, 1659, 15, 374);
insert into ticket (id, price, performance_id, seat_id) values (375, 177, 15, 375);
insert into ticket (id, price, performance_id, seat_id) values (376, 1249, 1, 376);
insert into ticket (id, price, performance_id, seat_id) values (377, 1411, 5, 377);
insert into ticket (id, price, performance_id, seat_id) values (378, 1549, 6, 378);
insert into ticket (id, price, performance_id, seat_id) values (379, 454, 20, 379);
insert into ticket (id, price, performance_id, seat_id) values (380, 1904, 3, 380);
insert into ticket (id, price, performance_id, seat_id) values (381, 1599, 8, 381);
insert into ticket (id, price, performance_id, seat_id) values (382, 891, 20, 382);
insert into ticket (id, price, performance_id, seat_id) values (383, 334, 16, 383);
insert into ticket (id, price, performance_id, seat_id) values (384, 1114, 5, 384);
insert into ticket (id, price, performance_id, seat_id) values (385, 1023, 16, 385);
insert into ticket (id, price, performance_id, seat_id) values (386, 1820, 7, 386);
insert into ticket (id, price, performance_id, seat_id) values (387, 1524, 8, 387);
insert into ticket (id, price, performance_id, seat_id) values (388, 1374, 8, 388);
insert into ticket (id, price, performance_id, seat_id) values (389, 55, 9, 389);
insert into ticket (id, price, performance_id, seat_id) values (390, 273, 6, 390);
insert into ticket (id, price, performance_id, seat_id) values (391, 1942, 20, 391);
insert into ticket (id, price, performance_id, seat_id) values (392, 314, 3, 392);
insert into ticket (id, price, performance_id, seat_id) values (393, 1739, 2, 393);
insert into ticket (id, price, performance_id, seat_id) values (394, 1282, 4, 394);
insert into ticket (id, price, performance_id, seat_id) values (395, 503, 11, 395);
insert into ticket (id, price, performance_id, seat_id) values (396, 726, 4, 396);
insert into ticket (id, price, performance_id, seat_id) values (397, 624, 1, 397);
insert into ticket (id, price, performance_id, seat_id) values (398, 1804, 3, 398);
insert into ticket (id, price, performance_id, seat_id) values (399, 761, 4, 399);
insert into ticket (id, price, performance_id, seat_id) values (400, 970, 9, 400);
insert into ticket (id, price, performance_id, seat_id) values (401, 1651, 1, 401);
insert into ticket (id, price, performance_id, seat_id) values (402, 322, 10, 402);
insert into ticket (id, price, performance_id, seat_id) values (403, 267, 8, 403);
insert into ticket (id, price, performance_id, seat_id) values (404, 1361, 20, 404);
insert into ticket (id, price, performance_id, seat_id) values (405, 1805, 12, 405);
insert into ticket (id, price, performance_id, seat_id) values (406, 1437, 6, 406);
insert into ticket (id, price, performance_id, seat_id) values (407, 144, 20, 407);
insert into ticket (id, price, performance_id, seat_id) values (408, 1155, 2, 408);
insert into ticket (id, price, performance_id, seat_id) values (409, 927, 8, 409);
insert into ticket (id, price, performance_id, seat_id) values (410, 172, 11, 410);
insert into ticket (id, price, performance_id, seat_id) values (411, 747, 6, 411);
insert into ticket (id, price, performance_id, seat_id) values (412, 834, 3, 412);
insert into ticket (id, price, performance_id, seat_id) values (413, 1511, 2, 413);
insert into ticket (id, price, performance_id, seat_id) values (414, 1465, 19, 414);
insert into ticket (id, price, performance_id, seat_id) values (415, 1350, 5, 415);
insert into ticket (id, price, performance_id, seat_id) values (416, 779, 14, 416);
insert into ticket (id, price, performance_id, seat_id) values (417, 505, 19, 417);
insert into ticket (id, price, performance_id, seat_id) values (418, 654, 1, 418);
insert into ticket (id, price, performance_id, seat_id) values (419, 1826, 12, 419);
insert into ticket (id, price, performance_id, seat_id) values (420, 46, 10, 420);
insert into ticket (id, price, performance_id, seat_id) values (421, 1463, 15, 421);
insert into ticket (id, price, performance_id, seat_id) values (422, 1260, 3, 422);
insert into ticket (id, price, performance_id, seat_id) values (423, 373, 3, 423);
insert into ticket (id, price, performance_id, seat_id) values (424, 1875, 7, 424);
insert into ticket (id, price, performance_id, seat_id) values (425, 235, 7, 425);
insert into ticket (id, price, performance_id, seat_id) values (426, 1706, 3, 426);
insert into ticket (id, price, performance_id, seat_id) values (427, 493, 12, 427);
insert into ticket (id, price, performance_id, seat_id) values (428, 574, 4, 428);
insert into ticket (id, price, performance_id, seat_id) values (429, 1949, 14, 429);
insert into ticket (id, price, performance_id, seat_id) values (430, 1957, 3, 430);
insert into ticket (id, price, performance_id, seat_id) values (431, 655, 5, 431);
insert into ticket (id, price, performance_id, seat_id) values (432, 518, 17, 432);
insert into ticket (id, price, performance_id, seat_id) values (433, 1353, 9, 433);
insert into ticket (id, price, performance_id, seat_id) values (434, 1617, 18, 434);
insert into ticket (id, price, performance_id, seat_id) values (435, 1522, 1, 435);
insert into ticket (id, price, performance_id, seat_id) values (436, 1180, 6, 436);
insert into ticket (id, price, performance_id, seat_id) values (437, 848, 15, 437);
insert into ticket (id, price, performance_id, seat_id) values (438, 179, 13, 438);
insert into ticket (id, price, performance_id, seat_id) values (439, 163, 3, 439);
insert into ticket (id, price, performance_id, seat_id) values (440, 510, 18, 440);
insert into ticket (id, price, performance_id, seat_id) values (441, 201, 10, 441);
insert into ticket (id, price, performance_id, seat_id) values (442, 52, 12, 442);
insert into ticket (id, price, performance_id, seat_id) values (443, 176, 5, 443);
insert into ticket (id, price, performance_id, seat_id) values (444, 1114, 16, 444);
insert into ticket (id, price, performance_id, seat_id) values (445, 290, 1, 445);
insert into ticket (id, price, performance_id, seat_id) values (446, 445, 5, 446);
insert into ticket (id, price, performance_id, seat_id) values (447, 1101, 20, 447);
insert into ticket (id, price, performance_id, seat_id) values (448, 123, 1, 448);
insert into ticket (id, price, performance_id, seat_id) values (449, 794, 17, 449);
insert into ticket (id, price, performance_id, seat_id) values (450, 1848, 11, 450);
insert into ticket (id, price, performance_id, seat_id) values (451, 800, 5, 451);
insert into ticket (id, price, performance_id, seat_id) values (452, 1927, 20, 452);
insert into ticket (id, price, performance_id, seat_id) values (453, 1955, 6, 453);
insert into ticket (id, price, performance_id, seat_id) values (454, 1501, 6, 454);
insert into ticket (id, price, performance_id, seat_id) values (455, 753, 8, 455);
insert into ticket (id, price, performance_id, seat_id) values (456, 848, 16, 456);
insert into ticket (id, price, performance_id, seat_id) values (457, 1729, 13, 457);
insert into ticket (id, price, performance_id, seat_id) values (458, 1148, 19, 458);
insert into ticket (id, price, performance_id, seat_id) values (459, 914, 11, 459);
insert into ticket (id, price, performance_id, seat_id) values (460, 1329, 2, 460);
insert into ticket (id, price, performance_id, seat_id) values (461, 565, 11, 461);
insert into ticket (id, price, performance_id, seat_id) values (462, 1037, 10, 462);
insert into ticket (id, price, performance_id, seat_id) values (463, 1028, 10, 463);
insert into ticket (id, price, performance_id, seat_id) values (464, 1171, 6, 464);
insert into ticket (id, price, performance_id, seat_id) values (465, 366, 2, 465);
insert into ticket (id, price, performance_id, seat_id) values (466, 137, 7, 466);
insert into ticket (id, price, performance_id, seat_id) values (467, 1800, 3, 467);
insert into ticket (id, price, performance_id, seat_id) values (468, 551, 4, 468);
insert into ticket (id, price, performance_id, seat_id) values (469, 330, 18, 469);
insert into ticket (id, price, performance_id, seat_id) values (470, 1366, 6, 470);
insert into ticket (id, price, performance_id, seat_id) values (471, 858, 17, 471);
insert into ticket (id, price, performance_id, seat_id) values (472, 1931, 6, 472);
insert into ticket (id, price, performance_id, seat_id) values (473, 166, 10, 473);
insert into ticket (id, price, performance_id, seat_id) values (474, 1001, 17, 474);
insert into ticket (id, price, performance_id, seat_id) values (475, 1109, 18, 475);
insert into ticket (id, price, performance_id, seat_id) values (476, 1617, 15, 476);
insert into ticket (id, price, performance_id, seat_id) values (477, 337, 13, 477);
insert into ticket (id, price, performance_id, seat_id) values (478, 283, 10, 478);
insert into ticket (id, price, performance_id, seat_id) values (479, 631, 12, 479);
insert into ticket (id, price, performance_id, seat_id) values (480, 474, 13, 480);
insert into ticket (id, price, performance_id, seat_id) values (481, 313, 15, 481);
insert into ticket (id, price, performance_id, seat_id) values (482, 908, 1, 482);
insert into ticket (id, price, performance_id, seat_id) values (483, 1068, 16, 483);
insert into ticket (id, price, performance_id, seat_id) values (484, 1202, 7, 484);
insert into ticket (id, price, performance_id, seat_id) values (485, 1487, 8, 485);
insert into ticket (id, price, performance_id, seat_id) values (486, 441, 20, 486);
insert into ticket (id, price, performance_id, seat_id) values (487, 1863, 9, 487);
insert into ticket (id, price, performance_id, seat_id) values (488, 1029, 8, 488);
insert into ticket (id, price, performance_id, seat_id) values (489, 1799, 10, 489);
insert into ticket (id, price, performance_id, seat_id) values (490, 1422, 4, 490);
insert into ticket (id, price, performance_id, seat_id) values (491, 1446, 11, 491);
insert into ticket (id, price, performance_id, seat_id) values (492, 227, 13, 492);
insert into ticket (id, price, performance_id, seat_id) values (493, 1907, 15, 493);
insert into ticket (id, price, performance_id, seat_id) values (494, 288, 16, 494);
insert into ticket (id, price, performance_id, seat_id) values (495, 1548, 12, 495);
insert into ticket (id, price, performance_id, seat_id) values (496, 1241, 1, 496);
insert into ticket (id, price, performance_id, seat_id) values (497, 108, 19, 497);
insert into ticket (id, price, performance_id, seat_id) values (498, 1495, 13, 498);
insert into ticket (id, price, performance_id, seat_id) values (499, 580, 2, 499);
insert into ticket (id, price, performance_id, seat_id) values (500, 915, 1, 500);
insert into ticket (id, price, performance_id, seat_id) values (501, 1062, 14, 501);
insert into ticket (id, price, performance_id, seat_id) values (502, 1957, 17, 502);
insert into ticket (id, price, performance_id, seat_id) values (503, 1760, 10, 503);
insert into ticket (id, price, performance_id, seat_id) values (504, 39, 4, 504);
insert into ticket (id, price, performance_id, seat_id) values (505, 1355, 1, 505);
insert into ticket (id, price, performance_id, seat_id) values (506, 1477, 19, 506);
insert into ticket (id, price, performance_id, seat_id) values (507, 1892, 1, 507);
insert into ticket (id, price, performance_id, seat_id) values (508, 1861, 12, 508);
insert into ticket (id, price, performance_id, seat_id) values (509, 1783, 13, 509);
insert into ticket (id, price, performance_id, seat_id) values (510, 1210, 10, 510);
insert into ticket (id, price, performance_id, seat_id) values (511, 1794, 14, 511);
insert into ticket (id, price, performance_id, seat_id) values (512, 1550, 18, 512);
insert into ticket (id, price, performance_id, seat_id) values (513, 541, 1, 513);
insert into ticket (id, price, performance_id, seat_id) values (514, 927, 14, 514);
insert into ticket (id, price, performance_id, seat_id) values (515, 31, 12, 515);
insert into ticket (id, price, performance_id, seat_id) values (516, 1099, 15, 516);
insert into ticket (id, price, performance_id, seat_id) values (517, 1311, 2, 517);
insert into ticket (id, price, performance_id, seat_id) values (518, 644, 18, 518);
insert into ticket (id, price, performance_id, seat_id) values (519, 807, 6, 519);
insert into ticket (id, price, performance_id, seat_id) values (520, 122, 18, 520);
insert into ticket (id, price, performance_id, seat_id) values (521, 1249, 3, 521);
insert into ticket (id, price, performance_id, seat_id) values (522, 999, 2, 522);
insert into ticket (id, price, performance_id, seat_id) values (523, 491, 17, 523);
insert into ticket (id, price, performance_id, seat_id) values (524, 657, 7, 524);
insert into ticket (id, price, performance_id, seat_id) values (525, 483, 13, 525);
insert into ticket (id, price, performance_id, seat_id) values (526, 813, 4, 526);
insert into ticket (id, price, performance_id, seat_id) values (527, 1334, 4, 527);
insert into ticket (id, price, performance_id, seat_id) values (528, 1227, 6, 528);
insert into ticket (id, price, performance_id, seat_id) values (529, 928, 17, 529);
insert into ticket (id, price, performance_id, seat_id) values (530, 644, 2, 530);
insert into ticket (id, price, performance_id, seat_id) values (531, 232, 18, 531);
insert into ticket (id, price, performance_id, seat_id) values (532, 1977, 15, 532);
insert into ticket (id, price, performance_id, seat_id) values (533, 1389, 10, 533);
insert into ticket (id, price, performance_id, seat_id) values (534, 1387, 12, 534);
insert into ticket (id, price, performance_id, seat_id) values (535, 722, 16, 535);
insert into ticket (id, price, performance_id, seat_id) values (536, 1113, 7, 536);
insert into ticket (id, price, performance_id, seat_id) values (537, 1649, 10, 537);
insert into ticket (id, price, performance_id, seat_id) values (538, 1230, 10, 538);
insert into ticket (id, price, performance_id, seat_id) values (539, 1546, 17, 539);
insert into ticket (id, price, performance_id, seat_id) values (540, 555, 2, 540);
insert into ticket (id, price, performance_id, seat_id) values (541, 385, 17, 541);
insert into ticket (id, price, performance_id, seat_id) values (542, 1123, 19, 542);
insert into ticket (id, price, performance_id, seat_id) values (543, 711, 18, 543);
insert into ticket (id, price, performance_id, seat_id) values (544, 280, 14, 544);
insert into ticket (id, price, performance_id, seat_id) values (545, 20, 16, 545);
insert into ticket (id, price, performance_id, seat_id) values (546, 782, 2, 546);
insert into ticket (id, price, performance_id, seat_id) values (547, 1741, 13, 547);
insert into ticket (id, price, performance_id, seat_id) values (548, 193, 2, 548);
insert into ticket (id, price, performance_id, seat_id) values (549, 1998, 3, 549);
insert into ticket (id, price, performance_id, seat_id) values (550, 473, 6, 550);
insert into ticket (id, price, performance_id, seat_id) values (551, 1279, 3, 551);
insert into ticket (id, price, performance_id, seat_id) values (552, 294, 1, 552);
insert into ticket (id, price, performance_id, seat_id) values (553, 725, 17, 553);
insert into ticket (id, price, performance_id, seat_id) values (554, 1683, 9, 554);
insert into ticket (id, price, performance_id, seat_id) values (555, 1169, 15, 555);
insert into ticket (id, price, performance_id, seat_id) values (556, 1345, 9, 556);
insert into ticket (id, price, performance_id, seat_id) values (557, 416, 2, 557);
insert into ticket (id, price, performance_id, seat_id) values (558, 623, 18, 558);
insert into ticket (id, price, performance_id, seat_id) values (559, 1633, 17, 559);
insert into ticket (id, price, performance_id, seat_id) values (560, 1247, 17, 560);
insert into ticket (id, price, performance_id, seat_id) values (561, 1394, 3, 561);
insert into ticket (id, price, performance_id, seat_id) values (562, 1999, 12, 562);
insert into ticket (id, price, performance_id, seat_id) values (563, 327, 16, 563);
insert into ticket (id, price, performance_id, seat_id) values (564, 747, 14, 564);
insert into ticket (id, price, performance_id, seat_id) values (565, 1589, 2, 565);
insert into ticket (id, price, performance_id, seat_id) values (566, 164, 18, 566);
insert into ticket (id, price, performance_id, seat_id) values (567, 487, 8, 567);
insert into ticket (id, price, performance_id, seat_id) values (568, 1495, 18, 568);
insert into ticket (id, price, performance_id, seat_id) values (569, 1561, 19, 569);
insert into ticket (id, price, performance_id, seat_id) values (570, 176, 17, 570);
insert into ticket (id, price, performance_id, seat_id) values (571, 1715, 8, 571);
insert into ticket (id, price, performance_id, seat_id) values (572, 1112, 6, 572);
insert into ticket (id, price, performance_id, seat_id) values (573, 1260, 13, 573);
insert into ticket (id, price, performance_id, seat_id) values (574, 1753, 12, 574);
insert into ticket (id, price, performance_id, seat_id) values (575, 654, 17, 575);
insert into ticket (id, price, performance_id, seat_id) values (576, 1563, 18, 576);
insert into ticket (id, price, performance_id, seat_id) values (577, 99, 9, 577);
insert into ticket (id, price, performance_id, seat_id) values (578, 121, 5, 578);
insert into ticket (id, price, performance_id, seat_id) values (579, 38, 12, 579);
insert into ticket (id, price, performance_id, seat_id) values (580, 1725, 18, 580);
insert into ticket (id, price, performance_id, seat_id) values (581, 512, 2, 581);
insert into ticket (id, price, performance_id, seat_id) values (582, 1083, 15, 582);
insert into ticket (id, price, performance_id, seat_id) values (583, 686, 8, 583);
insert into ticket (id, price, performance_id, seat_id) values (584, 161, 19, 584);
insert into ticket (id, price, performance_id, seat_id) values (585, 925, 16, 585);
insert into ticket (id, price, performance_id, seat_id) values (586, 1233, 13, 586);
insert into ticket (id, price, performance_id, seat_id) values (587, 808, 16, 587);
insert into ticket (id, price, performance_id, seat_id) values (588, 595, 11, 588);
insert into ticket (id, price, performance_id, seat_id) values (589, 271, 10, 589);
insert into ticket (id, price, performance_id, seat_id) values (590, 541, 12, 590);
insert into ticket (id, price, performance_id, seat_id) values (591, 1858, 14, 591);
insert into ticket (id, price, performance_id, seat_id) values (592, 891, 15, 592);
insert into ticket (id, price, performance_id, seat_id) values (593, 184, 3, 593);
insert into ticket (id, price, performance_id, seat_id) values (594, 1520, 2, 594);
insert into ticket (id, price, performance_id, seat_id) values (595, 1959, 2, 595);
insert into ticket (id, price, performance_id, seat_id) values (596, 1221, 16, 596);
insert into ticket (id, price, performance_id, seat_id) values (597, 1037, 16, 597);
insert into ticket (id, price, performance_id, seat_id) values (598, 1740, 15, 598);
insert into ticket (id, price, performance_id, seat_id) values (599, 552, 12, 599);
insert into ticket (id, price, performance_id, seat_id) values (600, 1267, 12, 600);
insert into ticket (id, price, performance_id, seat_id) values (601, 1485, 12, 601);
insert into ticket (id, price, performance_id, seat_id) values (602, 82, 16, 602);
insert into ticket (id, price, performance_id, seat_id) values (603, 1357, 3, 603);
insert into ticket (id, price, performance_id, seat_id) values (604, 1883, 19, 604);
insert into ticket (id, price, performance_id, seat_id) values (605, 1237, 9, 605);
insert into ticket (id, price, performance_id, seat_id) values (606, 1543, 16, 606);
insert into ticket (id, price, performance_id, seat_id) values (607, 558, 17, 607);
insert into ticket (id, price, performance_id, seat_id) values (608, 201, 7, 608);
insert into ticket (id, price, performance_id, seat_id) values (609, 1602, 8, 609);
insert into ticket (id, price, performance_id, seat_id) values (610, 1482, 1, 610);
insert into ticket (id, price, performance_id, seat_id) values (611, 1883, 12, 611);
insert into ticket (id, price, performance_id, seat_id) values (612, 137, 15, 612);
insert into ticket (id, price, performance_id, seat_id) values (613, 499, 9, 613);
insert into ticket (id, price, performance_id, seat_id) values (614, 871, 4, 614);
insert into ticket (id, price, performance_id, seat_id) values (615, 1895, 1, 615);
insert into ticket (id, price, performance_id, seat_id) values (616, 1033, 16, 616);
insert into ticket (id, price, performance_id, seat_id) values (617, 412, 1, 617);
insert into ticket (id, price, performance_id, seat_id) values (618, 1471, 8, 618);
insert into ticket (id, price, performance_id, seat_id) values (619, 159, 5, 619);
insert into ticket (id, price, performance_id, seat_id) values (620, 517, 15, 620);
insert into ticket (id, price, performance_id, seat_id) values (621, 1690, 1, 621);
insert into ticket (id, price, performance_id, seat_id) values (622, 1408, 11, 622);
insert into ticket (id, price, performance_id, seat_id) values (623, 1142, 14, 623);
insert into ticket (id, price, performance_id, seat_id) values (624, 831, 20, 624);
insert into ticket (id, price, performance_id, seat_id) values (625, 365, 12, 625);
insert into ticket (id, price, performance_id, seat_id) values (626, 1070, 6, 626);
insert into ticket (id, price, performance_id, seat_id) values (627, 495, 15, 627);
insert into ticket (id, price, performance_id, seat_id) values (628, 1168, 16, 628);
insert into ticket (id, price, performance_id, seat_id) values (629, 1846, 15, 629);
insert into ticket (id, price, performance_id, seat_id) values (630, 1858, 11, 630);
insert into ticket (id, price, performance_id, seat_id) values (631, 1358, 19, 631);
insert into ticket (id, price, performance_id, seat_id) values (632, 1706, 16, 632);
insert into ticket (id, price, performance_id, seat_id) values (633, 1061, 18, 633);
insert into ticket (id, price, performance_id, seat_id) values (634, 1487, 1, 634);
insert into ticket (id, price, performance_id, seat_id) values (635, 1299, 7, 635);
insert into ticket (id, price, performance_id, seat_id) values (636, 123, 18, 636);
insert into ticket (id, price, performance_id, seat_id) values (637, 1201, 17, 637);
insert into ticket (id, price, performance_id, seat_id) values (638, 44, 8, 638);
insert into ticket (id, price, performance_id, seat_id) values (639, 745, 15, 639);
insert into ticket (id, price, performance_id, seat_id) values (640, 1305, 3, 640);
insert into ticket (id, price, performance_id, seat_id) values (641, 466, 16, 641);
insert into ticket (id, price, performance_id, seat_id) values (642, 1488, 18, 642);
insert into ticket (id, price, performance_id, seat_id) values (643, 1564, 2, 643);
insert into ticket (id, price, performance_id, seat_id) values (644, 1253, 7, 644);
insert into ticket (id, price, performance_id, seat_id) values (645, 854, 18, 645);
insert into ticket (id, price, performance_id, seat_id) values (646, 1023, 4, 646);
insert into ticket (id, price, performance_id, seat_id) values (647, 868, 1, 647);
insert into ticket (id, price, performance_id, seat_id) values (648, 148, 20, 648);
insert into ticket (id, price, performance_id, seat_id) values (649, 1575, 9, 649);
insert into ticket (id, price, performance_id, seat_id) values (650, 1283, 11, 650);
insert into ticket (id, price, performance_id, seat_id) values (651, 1186, 8, 651);
insert into ticket (id, price, performance_id, seat_id) values (652, 913, 2, 652);
insert into ticket (id, price, performance_id, seat_id) values (653, 1934, 18, 653);
insert into ticket (id, price, performance_id, seat_id) values (654, 1174, 7, 654);
insert into ticket (id, price, performance_id, seat_id) values (655, 983, 10, 655);
insert into ticket (id, price, performance_id, seat_id) values (656, 245, 18, 656);
insert into ticket (id, price, performance_id, seat_id) values (657, 104, 19, 657);
insert into ticket (id, price, performance_id, seat_id) values (658, 836, 2, 658);
insert into ticket (id, price, performance_id, seat_id) values (659, 314, 2, 659);
insert into ticket (id, price, performance_id, seat_id) values (660, 1057, 14, 660);
insert into ticket (id, price, performance_id, seat_id) values (661, 1013, 19, 661);
insert into ticket (id, price, performance_id, seat_id) values (662, 111, 10, 662);
insert into ticket (id, price, performance_id, seat_id) values (663, 1195, 5, 663);
insert into ticket (id, price, performance_id, seat_id) values (664, 782, 9, 664);
insert into ticket (id, price, performance_id, seat_id) values (665, 1622, 18, 665);
insert into ticket (id, price, performance_id, seat_id) values (666, 683, 12, 666);
insert into ticket (id, price, performance_id, seat_id) values (667, 811, 11, 667);
insert into ticket (id, price, performance_id, seat_id) values (668, 1074, 18, 668);
insert into ticket (id, price, performance_id, seat_id) values (669, 1229, 2, 669);
insert into ticket (id, price, performance_id, seat_id) values (670, 183, 20, 670);
insert into ticket (id, price, performance_id, seat_id) values (671, 395, 11, 671);
insert into ticket (id, price, performance_id, seat_id) values (672, 1337, 3, 672);
insert into ticket (id, price, performance_id, seat_id) values (673, 1591, 17, 673);
insert into ticket (id, price, performance_id, seat_id) values (674, 1376, 1, 674);
insert into ticket (id, price, performance_id, seat_id) values (675, 1004, 13, 675);
insert into ticket (id, price, performance_id, seat_id) values (676, 1327, 6, 676);
insert into ticket (id, price, performance_id, seat_id) values (677, 1285, 10, 677);
insert into ticket (id, price, performance_id, seat_id) values (678, 1212, 19, 678);
insert into ticket (id, price, performance_id, seat_id) values (679, 1604, 19, 679);
insert into ticket (id, price, performance_id, seat_id) values (680, 111, 2, 680);
insert into ticket (id, price, performance_id, seat_id) values (681, 1126, 14, 681);
insert into ticket (id, price, performance_id, seat_id) values (682, 1455, 4, 682);
insert into ticket (id, price, performance_id, seat_id) values (683, 1406, 16, 683);
insert into ticket (id, price, performance_id, seat_id) values (684, 1645, 18, 684);
insert into ticket (id, price, performance_id, seat_id) values (685, 1655, 5, 685);
insert into ticket (id, price, performance_id, seat_id) values (686, 353, 3, 686);
insert into ticket (id, price, performance_id, seat_id) values (687, 1385, 8, 687);
insert into ticket (id, price, performance_id, seat_id) values (688, 1197, 9, 688);
insert into ticket (id, price, performance_id, seat_id) values (689, 437, 8, 689);
insert into ticket (id, price, performance_id, seat_id) values (690, 331, 10, 690);
insert into ticket (id, price, performance_id, seat_id) values (691, 1147, 2, 691);
insert into ticket (id, price, performance_id, seat_id) values (692, 282, 15, 692);
insert into ticket (id, price, performance_id, seat_id) values (693, 1839, 20, 693);
insert into ticket (id, price, performance_id, seat_id) values (694, 1321, 16, 694);
insert into ticket (id, price, performance_id, seat_id) values (695, 1770, 18, 695);
insert into ticket (id, price, performance_id, seat_id) values (696, 1247, 2, 696);
insert into ticket (id, price, performance_id, seat_id) values (697, 191, 16, 697);
insert into ticket (id, price, performance_id, seat_id) values (698, 1122, 17, 698);
insert into ticket (id, price, performance_id, seat_id) values (699, 120, 9, 699);
insert into ticket (id, price, performance_id, seat_id) values (700, 1025, 19, 700);
insert into ticket (id, price, performance_id, seat_id) values (701, 1708, 5, 701);
insert into ticket (id, price, performance_id, seat_id) values (702, 968, 15, 702);
insert into ticket (id, price, performance_id, seat_id) values (703, 1936, 5, 703);
insert into ticket (id, price, performance_id, seat_id) values (704, 683, 8, 704);
insert into ticket (id, price, performance_id, seat_id) values (705, 1804, 14, 705);
insert into ticket (id, price, performance_id, seat_id) values (706, 1973, 7, 706);
insert into ticket (id, price, performance_id, seat_id) values (707, 596, 14, 707);
insert into ticket (id, price, performance_id, seat_id) values (708, 1450, 7, 708);
insert into ticket (id, price, performance_id, seat_id) values (709, 1035, 7, 709);
insert into ticket (id, price, performance_id, seat_id) values (710, 1059, 1, 710);
insert into ticket (id, price, performance_id, seat_id) values (711, 1821, 16, 711);
insert into ticket (id, price, performance_id, seat_id) values (712, 1224, 20, 712);
insert into ticket (id, price, performance_id, seat_id) values (713, 212, 12, 713);
insert into ticket (id, price, performance_id, seat_id) values (714, 1348, 15, 714);
insert into ticket (id, price, performance_id, seat_id) values (715, 782, 16, 715);
insert into ticket (id, price, performance_id, seat_id) values (716, 507, 20, 716);
insert into ticket (id, price, performance_id, seat_id) values (717, 628, 9, 717);
insert into ticket (id, price, performance_id, seat_id) values (718, 1949, 20, 718);
insert into ticket (id, price, performance_id, seat_id) values (719, 248, 14, 719);
insert into ticket (id, price, performance_id, seat_id) values (720, 1477, 18, 720);
insert into ticket (id, price, performance_id, seat_id) values (721, 1187, 16, 721);
insert into ticket (id, price, performance_id, seat_id) values (722, 1878, 3, 722);
insert into ticket (id, price, performance_id, seat_id) values (723, 626, 5, 723);
insert into ticket (id, price, performance_id, seat_id) values (724, 195, 10, 724);
insert into ticket (id, price, performance_id, seat_id) values (725, 73, 20, 725);
insert into ticket (id, price, performance_id, seat_id) values (726, 1419, 20, 726);
insert into ticket (id, price, performance_id, seat_id) values (727, 954, 6, 727);
insert into ticket (id, price, performance_id, seat_id) values (728, 1008, 18, 728);
insert into ticket (id, price, performance_id, seat_id) values (729, 923, 15, 729);
insert into ticket (id, price, performance_id, seat_id) values (730, 1477, 9, 730);
insert into ticket (id, price, performance_id, seat_id) values (731, 982, 12, 731);
insert into ticket (id, price, performance_id, seat_id) values (732, 1004, 6, 732);
insert into ticket (id, price, performance_id, seat_id) values (733, 938, 9, 733);
insert into ticket (id, price, performance_id, seat_id) values (734, 347, 14, 734);
insert into ticket (id, price, performance_id, seat_id) values (735, 464, 15, 735);
insert into ticket (id, price, performance_id, seat_id) values (736, 23, 16, 736);
insert into ticket (id, price, performance_id, seat_id) values (737, 538, 18, 737);
insert into ticket (id, price, performance_id, seat_id) values (738, 1941, 13, 738);
insert into ticket (id, price, performance_id, seat_id) values (739, 494, 20, 739);
insert into ticket (id, price, performance_id, seat_id) values (740, 21, 3, 740);
insert into ticket (id, price, performance_id, seat_id) values (741, 1831, 10, 741);
insert into ticket (id, price, performance_id, seat_id) values (742, 70, 7, 742);
insert into ticket (id, price, performance_id, seat_id) values (743, 1359, 12, 743);
insert into ticket (id, price, performance_id, seat_id) values (744, 956, 8, 744);
insert into ticket (id, price, performance_id, seat_id) values (745, 1248, 14, 745);
insert into ticket (id, price, performance_id, seat_id) values (746, 481, 7, 746);
insert into ticket (id, price, performance_id, seat_id) values (747, 1014, 13, 747);
insert into ticket (id, price, performance_id, seat_id) values (748, 1638, 4, 748);
insert into ticket (id, price, performance_id, seat_id) values (749, 1497, 3, 749);
insert into ticket (id, price, performance_id, seat_id) values (750, 682, 10, 750);
insert into ticket (id, price, performance_id, seat_id) values (751, 370, 7, 751);
insert into ticket (id, price, performance_id, seat_id) values (752, 1005, 15, 752);
insert into ticket (id, price, performance_id, seat_id) values (753, 599, 11, 753);
insert into ticket (id, price, performance_id, seat_id) values (754, 1366, 3, 754);
insert into ticket (id, price, performance_id, seat_id) values (755, 541, 7, 755);
insert into ticket (id, price, performance_id, seat_id) values (756, 1797, 18, 756);
insert into ticket (id, price, performance_id, seat_id) values (757, 797, 2, 757);
insert into ticket (id, price, performance_id, seat_id) values (758, 481, 11, 758);
insert into ticket (id, price, performance_id, seat_id) values (759, 806, 13, 759);
insert into ticket (id, price, performance_id, seat_id) values (760, 1474, 1, 760);
insert into ticket (id, price, performance_id, seat_id) values (761, 1558, 16, 761);
insert into ticket (id, price, performance_id, seat_id) values (762, 540, 11, 762);
insert into ticket (id, price, performance_id, seat_id) values (763, 1956, 8, 763);
insert into ticket (id, price, performance_id, seat_id) values (764, 975, 2, 764);
insert into ticket (id, price, performance_id, seat_id) values (765, 620, 15, 765);
insert into ticket (id, price, performance_id, seat_id) values (766, 543, 20, 766);
insert into ticket (id, price, performance_id, seat_id) values (767, 98, 17, 767);
insert into ticket (id, price, performance_id, seat_id) values (768, 1626, 7, 768);
insert into ticket (id, price, performance_id, seat_id) values (769, 1015, 5, 769);
insert into ticket (id, price, performance_id, seat_id) values (770, 1525, 12, 770);
insert into ticket (id, price, performance_id, seat_id) values (771, 1677, 12, 771);
insert into ticket (id, price, performance_id, seat_id) values (772, 277, 15, 772);
insert into ticket (id, price, performance_id, seat_id) values (773, 1823, 5, 773);
insert into ticket (id, price, performance_id, seat_id) values (774, 217, 4, 774);
insert into ticket (id, price, performance_id, seat_id) values (775, 1420, 15, 775);
insert into ticket (id, price, performance_id, seat_id) values (776, 1939, 2, 776);
insert into ticket (id, price, performance_id, seat_id) values (777, 196, 4, 777);
insert into ticket (id, price, performance_id, seat_id) values (778, 1350, 3, 778);
insert into ticket (id, price, performance_id, seat_id) values (779, 248, 11, 779);
insert into ticket (id, price, performance_id, seat_id) values (780, 423, 19, 780);
insert into ticket (id, price, performance_id, seat_id) values (781, 581, 20, 781);
insert into ticket (id, price, performance_id, seat_id) values (782, 340, 4, 782);
insert into ticket (id, price, performance_id, seat_id) values (783, 274, 5, 783);
insert into ticket (id, price, performance_id, seat_id) values (784, 1102, 10, 784);
insert into ticket (id, price, performance_id, seat_id) values (785, 563, 13, 785);
insert into ticket (id, price, performance_id, seat_id) values (786, 1206, 16, 786);
insert into ticket (id, price, performance_id, seat_id) values (787, 393, 3, 787);
insert into ticket (id, price, performance_id, seat_id) values (788, 71, 6, 788);
insert into ticket (id, price, performance_id, seat_id) values (789, 218, 5, 789);
insert into ticket (id, price, performance_id, seat_id) values (790, 1677, 16, 790);
insert into ticket (id, price, performance_id, seat_id) values (791, 508, 14, 791);
insert into ticket (id, price, performance_id, seat_id) values (792, 1685, 3, 792);
insert into ticket (id, price, performance_id, seat_id) values (793, 792, 9, 793);
insert into ticket (id, price, performance_id, seat_id) values (794, 758, 10, 794);
insert into ticket (id, price, performance_id, seat_id) values (795, 1944, 16, 795);
insert into ticket (id, price, performance_id, seat_id) values (796, 840, 6, 796);
insert into ticket (id, price, performance_id, seat_id) values (797, 675, 15, 797);
insert into ticket (id, price, performance_id, seat_id) values (798, 188, 11, 798);
insert into ticket (id, price, performance_id, seat_id) values (799, 1500, 14, 799);
insert into ticket (id, price, performance_id, seat_id) values (800, 798, 2, 800);
insert into ticket (id, price, performance_id, seat_id) values (801, 934, 1, 801);
insert into ticket (id, price, performance_id, seat_id) values (802, 393, 16, 802);
insert into ticket (id, price, performance_id, seat_id) values (803, 809, 3, 803);
insert into ticket (id, price, performance_id, seat_id) values (804, 894, 14, 804);
insert into ticket (id, price, performance_id, seat_id) values (805, 1721, 17, 805);
insert into ticket (id, price, performance_id, seat_id) values (806, 1206, 4, 806);
insert into ticket (id, price, performance_id, seat_id) values (807, 1128, 4, 807);
insert into ticket (id, price, performance_id, seat_id) values (808, 1579, 5, 808);
insert into ticket (id, price, performance_id, seat_id) values (809, 205, 19, 809);
insert into ticket (id, price, performance_id, seat_id) values (810, 321, 4, 810);
insert into ticket (id, price, performance_id, seat_id) values (811, 1830, 14, 811);
insert into ticket (id, price, performance_id, seat_id) values (812, 1345, 19, 812);
insert into ticket (id, price, performance_id, seat_id) values (813, 354, 4, 813);
insert into ticket (id, price, performance_id, seat_id) values (814, 809, 10, 814);
insert into ticket (id, price, performance_id, seat_id) values (815, 877, 12, 815);
insert into ticket (id, price, performance_id, seat_id) values (816, 365, 13, 816);
insert into ticket (id, price, performance_id, seat_id) values (817, 709, 19, 817);
insert into ticket (id, price, performance_id, seat_id) values (818, 191, 10, 818);
insert into ticket (id, price, performance_id, seat_id) values (819, 1698, 11, 819);
insert into ticket (id, price, performance_id, seat_id) values (820, 302, 7, 820);
insert into ticket (id, price, performance_id, seat_id) values (821, 1194, 5, 821);
insert into ticket (id, price, performance_id, seat_id) values (822, 565, 9, 822);
insert into ticket (id, price, performance_id, seat_id) values (823, 693, 10, 823);
insert into ticket (id, price, performance_id, seat_id) values (824, 1927, 18, 824);
insert into ticket (id, price, performance_id, seat_id) values (825, 571, 5, 825);
insert into ticket (id, price, performance_id, seat_id) values (826, 545, 7, 826);
insert into ticket (id, price, performance_id, seat_id) values (827, 364, 11, 827);
insert into ticket (id, price, performance_id, seat_id) values (828, 1123, 4, 828);
insert into ticket (id, price, performance_id, seat_id) values (829, 1165, 6, 829);
insert into ticket (id, price, performance_id, seat_id) values (830, 708, 5, 830);
insert into ticket (id, price, performance_id, seat_id) values (831, 986, 20, 831);
insert into ticket (id, price, performance_id, seat_id) values (832, 170, 17, 832);
insert into ticket (id, price, performance_id, seat_id) values (833, 839, 15, 833);
insert into ticket (id, price, performance_id, seat_id) values (834, 1341, 8, 834);
insert into ticket (id, price, performance_id, seat_id) values (835, 73, 8, 835);
insert into ticket (id, price, performance_id, seat_id) values (836, 1901, 19, 836);
insert into ticket (id, price, performance_id, seat_id) values (837, 58, 10, 837);
insert into ticket (id, price, performance_id, seat_id) values (838, 1372, 13, 838);
insert into ticket (id, price, performance_id, seat_id) values (839, 1568, 4, 839);
insert into ticket (id, price, performance_id, seat_id) values (840, 1300, 11, 840);
insert into ticket (id, price, performance_id, seat_id) values (841, 30, 20, 841);
insert into ticket (id, price, performance_id, seat_id) values (842, 1361, 2, 842);
insert into ticket (id, price, performance_id, seat_id) values (843, 1036, 8, 843);
insert into ticket (id, price, performance_id, seat_id) values (844, 1955, 20, 844);
insert into ticket (id, price, performance_id, seat_id) values (845, 1671, 16, 845);
insert into ticket (id, price, performance_id, seat_id) values (846, 1714, 2, 846);
insert into ticket (id, price, performance_id, seat_id) values (847, 1711, 14, 847);
insert into ticket (id, price, performance_id, seat_id) values (848, 610, 18, 848);
insert into ticket (id, price, performance_id, seat_id) values (849, 839, 1, 849);
insert into ticket (id, price, performance_id, seat_id) values (850, 673, 19, 850);
insert into ticket (id, price, performance_id, seat_id) values (851, 1291, 9, 851);
insert into ticket (id, price, performance_id, seat_id) values (852, 229, 12, 852);
insert into ticket (id, price, performance_id, seat_id) values (853, 1561, 13, 853);
insert into ticket (id, price, performance_id, seat_id) values (854, 1862, 20, 854);
insert into ticket (id, price, performance_id, seat_id) values (855, 92, 14, 855);
insert into ticket (id, price, performance_id, seat_id) values (856, 1373, 3, 856);
insert into ticket (id, price, performance_id, seat_id) values (857, 895, 10, 857);
insert into ticket (id, price, performance_id, seat_id) values (858, 1958, 4, 858);
insert into ticket (id, price, performance_id, seat_id) values (859, 527, 12, 859);
insert into ticket (id, price, performance_id, seat_id) values (860, 86, 5, 860);
insert into ticket (id, price, performance_id, seat_id) values (861, 976, 11, 861);
insert into ticket (id, price, performance_id, seat_id) values (862, 1353, 13, 862);
insert into ticket (id, price, performance_id, seat_id) values (863, 1677, 13, 863);
insert into ticket (id, price, performance_id, seat_id) values (864, 909, 12, 864);
insert into ticket (id, price, performance_id, seat_id) values (865, 572, 5, 865);
insert into ticket (id, price, performance_id, seat_id) values (866, 497, 19, 866);
insert into ticket (id, price, performance_id, seat_id) values (867, 1066, 9, 867);
insert into ticket (id, price, performance_id, seat_id) values (868, 756, 12, 868);
insert into ticket (id, price, performance_id, seat_id) values (869, 1893, 20, 869);
insert into ticket (id, price, performance_id, seat_id) values (870, 1559, 7, 870);
insert into ticket (id, price, performance_id, seat_id) values (871, 1230, 14, 871);
insert into ticket (id, price, performance_id, seat_id) values (872, 1386, 19, 872);
insert into ticket (id, price, performance_id, seat_id) values (873, 1812, 13, 873);
insert into ticket (id, price, performance_id, seat_id) values (874, 704, 8, 874);
insert into ticket (id, price, performance_id, seat_id) values (875, 1148, 16, 875);
insert into ticket (id, price, performance_id, seat_id) values (876, 1935, 12, 876);
insert into ticket (id, price, performance_id, seat_id) values (877, 479, 15, 877);
insert into ticket (id, price, performance_id, seat_id) values (878, 956, 12, 878);
insert into ticket (id, price, performance_id, seat_id) values (879, 1731, 19, 879);
insert into ticket (id, price, performance_id, seat_id) values (880, 816, 8, 880);
insert into ticket (id, price, performance_id, seat_id) values (881, 804, 15, 881);
insert into ticket (id, price, performance_id, seat_id) values (882, 1257, 17, 882);
insert into ticket (id, price, performance_id, seat_id) values (883, 646, 12, 883);
insert into ticket (id, price, performance_id, seat_id) values (884, 648, 7, 884);
insert into ticket (id, price, performance_id, seat_id) values (885, 897, 20, 885);
insert into ticket (id, price, performance_id, seat_id) values (886, 935, 11, 886);
insert into ticket (id, price, performance_id, seat_id) values (887, 146, 9, 887);
insert into ticket (id, price, performance_id, seat_id) values (888, 956, 12, 888);
insert into ticket (id, price, performance_id, seat_id) values (889, 564, 7, 889);
insert into ticket (id, price, performance_id, seat_id) values (890, 497, 3, 890);
insert into ticket (id, price, performance_id, seat_id) values (891, 1000, 10, 891);
insert into ticket (id, price, performance_id, seat_id) values (892, 1282, 13, 892);
insert into ticket (id, price, performance_id, seat_id) values (893, 1210, 10, 893);
insert into ticket (id, price, performance_id, seat_id) values (894, 47, 4, 894);
insert into ticket (id, price, performance_id, seat_id) values (895, 1291, 16, 895);
insert into ticket (id, price, performance_id, seat_id) values (896, 644, 3, 896);
insert into ticket (id, price, performance_id, seat_id) values (897, 1819, 8, 897);
insert into ticket (id, price, performance_id, seat_id) values (898, 1040, 2, 898);
insert into ticket (id, price, performance_id, seat_id) values (899, 1856, 13, 899);
insert into ticket (id, price, performance_id, seat_id) values (900, 1293, 7, 900);
insert into ticket (id, price, performance_id, seat_id) values (901, 733, 8, 901);
insert into ticket (id, price, performance_id, seat_id) values (902, 858, 14, 902);
insert into ticket (id, price, performance_id, seat_id) values (903, 824, 8, 903);
insert into ticket (id, price, performance_id, seat_id) values (904, 923, 19, 904);
insert into ticket (id, price, performance_id, seat_id) values (905, 71, 2, 905);
insert into ticket (id, price, performance_id, seat_id) values (906, 654, 2, 906);
insert into ticket (id, price, performance_id, seat_id) values (907, 1466, 13, 907);
insert into ticket (id, price, performance_id, seat_id) values (908, 248, 4, 908);
insert into ticket (id, price, performance_id, seat_id) values (909, 320, 3, 909);
insert into ticket (id, price, performance_id, seat_id) values (910, 1087, 18, 910);
insert into ticket (id, price, performance_id, seat_id) values (911, 33, 19, 911);
insert into ticket (id, price, performance_id, seat_id) values (912, 1433, 11, 912);
insert into ticket (id, price, performance_id, seat_id) values (913, 737, 18, 913);
insert into ticket (id, price, performance_id, seat_id) values (914, 1530, 3, 914);
insert into ticket (id, price, performance_id, seat_id) values (915, 1912, 3, 915);
insert into ticket (id, price, performance_id, seat_id) values (916, 1904, 2, 916);
insert into ticket (id, price, performance_id, seat_id) values (917, 422, 9, 917);
insert into ticket (id, price, performance_id, seat_id) values (918, 1531, 20, 918);
insert into ticket (id, price, performance_id, seat_id) values (919, 593, 4, 919);
insert into ticket (id, price, performance_id, seat_id) values (920, 1537, 2, 920);
insert into ticket (id, price, performance_id, seat_id) values (921, 1717, 14, 921);
insert into ticket (id, price, performance_id, seat_id) values (922, 41, 12, 922);
insert into ticket (id, price, performance_id, seat_id) values (923, 1171, 4, 923);
insert into ticket (id, price, performance_id, seat_id) values (924, 608, 15, 924);
insert into ticket (id, price, performance_id, seat_id) values (925, 1582, 16, 925);
insert into ticket (id, price, performance_id, seat_id) values (926, 1696, 20, 926);
insert into ticket (id, price, performance_id, seat_id) values (927, 605, 1, 927);
insert into ticket (id, price, performance_id, seat_id) values (928, 534, 1, 928);
insert into ticket (id, price, performance_id, seat_id) values (929, 1105, 1, 929);
insert into ticket (id, price, performance_id, seat_id) values (930, 1712, 14, 930);
insert into ticket (id, price, performance_id, seat_id) values (931, 971, 14, 931);
insert into ticket (id, price, performance_id, seat_id) values (932, 57, 19, 932);
insert into ticket (id, price, performance_id, seat_id) values (933, 1910, 13, 933);
insert into ticket (id, price, performance_id, seat_id) values (934, 130, 9, 934);
insert into ticket (id, price, performance_id, seat_id) values (935, 274, 6, 935);
insert into ticket (id, price, performance_id, seat_id) values (936, 1034, 11, 936);
insert into ticket (id, price, performance_id, seat_id) values (937, 1842, 10, 937);
insert into ticket (id, price, performance_id, seat_id) values (938, 715, 20, 938);
insert into ticket (id, price, performance_id, seat_id) values (939, 38, 14, 939);
insert into ticket (id, price, performance_id, seat_id) values (940, 548, 12, 940);
insert into ticket (id, price, performance_id, seat_id) values (941, 499, 19, 941);
insert into ticket (id, price, performance_id, seat_id) values (942, 41, 15, 942);
insert into ticket (id, price, performance_id, seat_id) values (943, 940, 3, 943);
insert into ticket (id, price, performance_id, seat_id) values (944, 383, 1, 944);
insert into ticket (id, price, performance_id, seat_id) values (945, 25, 18, 945);
insert into ticket (id, price, performance_id, seat_id) values (946, 204, 17, 946);
insert into ticket (id, price, performance_id, seat_id) values (947, 1148, 18, 947);
insert into ticket (id, price, performance_id, seat_id) values (948, 1847, 14, 948);
insert into ticket (id, price, performance_id, seat_id) values (949, 930, 10, 949);
insert into ticket (id, price, performance_id, seat_id) values (950, 1419, 8, 950);
insert into ticket (id, price, performance_id, seat_id) values (951, 1013, 15, 951);
insert into ticket (id, price, performance_id, seat_id) values (952, 1946, 19, 952);
insert into ticket (id, price, performance_id, seat_id) values (953, 139, 13, 953);
insert into ticket (id, price, performance_id, seat_id) values (954, 706, 7, 954);
insert into ticket (id, price, performance_id, seat_id) values (955, 24, 14, 955);
insert into ticket (id, price, performance_id, seat_id) values (956, 1855, 3, 956);
insert into ticket (id, price, performance_id, seat_id) values (957, 1015, 5, 957);
insert into ticket (id, price, performance_id, seat_id) values (958, 462, 19, 958);
insert into ticket (id, price, performance_id, seat_id) values (959, 820, 13, 959);
insert into ticket (id, price, performance_id, seat_id) values (960, 776, 11, 960);
insert into ticket (id, price, performance_id, seat_id) values (961, 823, 1, 961);
insert into ticket (id, price, performance_id, seat_id) values (962, 805, 20, 962);
insert into ticket (id, price, performance_id, seat_id) values (963, 721, 1, 963);
insert into ticket (id, price, performance_id, seat_id) values (964, 1269, 8, 964);
insert into ticket (id, price, performance_id, seat_id) values (965, 1688, 14, 965);
insert into ticket (id, price, performance_id, seat_id) values (966, 1648, 12, 966);
insert into ticket (id, price, performance_id, seat_id) values (967, 1264, 10, 967);
insert into ticket (id, price, performance_id, seat_id) values (968, 1318, 16, 968);
insert into ticket (id, price, performance_id, seat_id) values (969, 1537, 19, 969);
insert into ticket (id, price, performance_id, seat_id) values (970, 1494, 3, 970);
insert into ticket (id, price, performance_id, seat_id) values (971, 1266, 10, 971);
insert into ticket (id, price, performance_id, seat_id) values (972, 1500, 15, 972);
insert into ticket (id, price, performance_id, seat_id) values (973, 1070, 5, 973);
insert into ticket (id, price, performance_id, seat_id) values (974, 265, 3, 974);
insert into ticket (id, price, performance_id, seat_id) values (975, 1502, 4, 975);
insert into ticket (id, price, performance_id, seat_id) values (976, 1981, 9, 976);
insert into ticket (id, price, performance_id, seat_id) values (977, 178, 15, 977);
insert into ticket (id, price, performance_id, seat_id) values (978, 1618, 9, 978);
insert into ticket (id, price, performance_id, seat_id) values (979, 104, 20, 979);
insert into ticket (id, price, performance_id, seat_id) values (980, 1909, 17, 980);
insert into ticket (id, price, performance_id, seat_id) values (981, 796, 3, 981);
insert into ticket (id, price, performance_id, seat_id) values (982, 1501, 14, 982);
insert into ticket (id, price, performance_id, seat_id) values (983, 1820, 5, 983);
insert into ticket (id, price, performance_id, seat_id) values (984, 1151, 19, 984);
insert into ticket (id, price, performance_id, seat_id) values (985, 1045, 4, 985);
insert into ticket (id, price, performance_id, seat_id) values (986, 1040, 17, 986);
insert into ticket (id, price, performance_id, seat_id) values (987, 951, 14, 987);
insert into ticket (id, price, performance_id, seat_id) values (988, 1154, 17, 988);
insert into ticket (id, price, performance_id, seat_id) values (989, 989, 20, 989);
insert into ticket (id, price, performance_id, seat_id) values (990, 1580, 15, 990);
insert into ticket (id, price, performance_id, seat_id) values (991, 1150, 14, 991);
insert into ticket (id, price, performance_id, seat_id) values (992, 1281, 17, 992);
insert into ticket (id, price, performance_id, seat_id) values (993, 1564, 13, 993);
insert into ticket (id, price, performance_id, seat_id) values (994, 1160, 17, 994);
insert into ticket (id, price, performance_id, seat_id) values (995, 1822, 18, 995);
insert into ticket (id, price, performance_id, seat_id) values (996, 1555, 3, 996);
insert into ticket (id, price, performance_id, seat_id) values (997, 1748, 11, 997);
insert into ticket (id, price, performance_id, seat_id) values (998, 790, 13, 998);
insert into ticket (id, price, performance_id, seat_id) values (999, 162, 11, 999);
insert into ticket (id, price, performance_id, seat_id) values (1000, 301, 13, 1000);

insert into preference (id) values (1);
insert into preference (id) values (2);
insert into preference (id) values (3);
insert into preference (id) values (4);
insert into preference (id) values (5);
insert into preference (id) values (6);
insert into preference (id) values (7);
insert into preference (id) values (8);
insert into preference (id) values (9);
insert into preference (id) values (10);

insert into person (id, first_name, last_name, birth_date, person_type) values (1, 'Viki', 'Vondrys', '1974-11-24', 1);
insert into person (id, first_name, last_name, birth_date, person_type) values (2, 'Chryste', 'Zorener', '1948-01-01', 1);
insert into person (id, first_name, last_name, birth_date, person_type) values (3, 'Esdras', 'Searchwell', '1976-07-06', 1);
insert into person (id, first_name, last_name, birth_date, person_type) values (4, 'Webster', 'Gyver', '1989-03-01', 1);
insert into person (id, first_name, last_name, birth_date, person_type) values (5, 'Chandler', 'Worsham', '1969-10-17', 1);
insert into person (id, first_name, last_name, birth_date, person_type) values (6, 'Monte', 'Hallatt', '1968-03-08', 1);
insert into person (id, first_name, last_name, birth_date, person_type) values (7, 'Jerald', 'Bulbrook', '1951-05-19', 1);
insert into person (id, first_name, last_name, birth_date, person_type) values (8, 'Sander', 'Girardey', '1993-08-12', 1);
insert into person (id, first_name, last_name, birth_date, person_type) values (9, 'Murdock', 'Anscott', '1940-09-18', 1);
insert into person (id, first_name, last_name, birth_date, person_type) values (10, 'Chadd', 'Schwieso', '1998-12-03', 1);
insert into person (id, first_name, last_name, birth_date, person_type) values (11, 'Aundrea', 'Landsbury', '1966-07-16', 1);
insert into person (id, first_name, last_name, birth_date, person_type) values (12, 'Christel', 'Duddle', '1959-08-23', 1);
insert into person (id, first_name, last_name, birth_date, person_type) values (13, 'Cairistiona', 'Skace', '1980-02-24', 1);
insert into person (id, first_name, last_name, birth_date, person_type) values (14, 'Tova', 'Jarrard', '1971-10-26', 1);
insert into person (id, first_name, last_name, birth_date, person_type) values (15, 'Merry', 'Cuckoo', '1960-06-27', 1);
insert into person (id, first_name, last_name, birth_date, person_type) values (16, 'Carroll', 'Rubinovitsch', '1967-01-26', 1);
insert into person (id, first_name, last_name, birth_date, person_type) values (17, 'Letitia', 'Rackam', '1999-07-17', 1);
insert into person (id, first_name, last_name, birth_date, person_type) values (18, 'Perren', 'Peek', '1977-12-02', 1);
insert into person (id, first_name, last_name, birth_date, person_type) values (19, 'Ive', 'Archanbault', '1984-06-27', 1);
insert into person (id, first_name, last_name, birth_date, person_type) values (20, 'Stevie', 'Heis', '1941-05-20', 1);
insert into person (id, first_name, last_name, birth_date, person_type) values (21, 'Eve', 'Faircloth', '1989-07-06', 1);
insert into person (id, first_name, last_name, birth_date, person_type) values (22, 'Hastings', 'Feely', '1976-10-07', 1);
insert into person (id, first_name, last_name, birth_date, person_type) values (23, 'Joell', 'Frowing', '1949-10-22', 1);
insert into person (id, first_name, last_name, birth_date, person_type) values (24, 'Corenda', 'Bussetti', '1949-10-12', 1);
insert into person (id, first_name, last_name, birth_date, person_type) values (25, 'Alanna', 'Giorgiutti', '1944-08-11', 1);
insert into person (id, first_name, last_name, birth_date, person_type) values (26, 'Levy', 'Acey', '1993-05-18', 1);
insert into person (id, first_name, last_name, birth_date, person_type) values (27, 'Catherina', 'Moyes', '1958-09-22', 1);
insert into person (id, first_name, last_name, birth_date, person_type) values (28, 'Larisa', 'Aleswell', '1972-02-13', 1);
insert into person (id, first_name, last_name, birth_date, person_type) values (29, 'Gelya', 'Tabram', '1956-08-19', 1);
insert into person (id, first_name, last_name, birth_date, person_type) values (30, 'Madeleine', 'Reinbech', '1988-01-31', 1);
insert into person (id, first_name, last_name, birth_date, person_type) values (31, 'Myra', 'Jorden', '1993-08-31', 1);
insert into person (id, first_name, last_name, birth_date, person_type) values (32, 'Kai', 'Salt', '1971-11-29', 1);
insert into person (id, first_name, last_name, birth_date, person_type) values (33, 'Everard', 'Balchin', '1965-05-04', 1);
insert into person (id, first_name, last_name, birth_date, person_type) values (34, 'Andriette', 'Parram', '1948-02-09', 2);
insert into person (id, first_name, last_name, birth_date, person_type) values (35, 'Marji', 'Petrashov', '1971-10-12', 2);
insert into person (id, first_name, last_name, birth_date, person_type) values (36, 'Conni', 'Renac', '1947-01-23', 2);
insert into person (id, first_name, last_name, birth_date, person_type) values (37, 'Bernardina', 'Seccombe', '1983-05-02', 2);
insert into person (id, first_name, last_name, birth_date, person_type) values (38, 'Ruprecht', 'Thoday', '1980-07-09', 2);
insert into person (id, first_name, last_name, birth_date, person_type) values (39, 'Imelda', 'Borell', '1987-05-12', 2);
insert into person (id, first_name, last_name, birth_date, person_type) values (40, 'Kyle', 'McPhelimey', '1943-02-09', 2);
insert into person (id, first_name, last_name, birth_date, person_type) values (41, 'Scotty', 'Meers', '1967-11-08', 2);
insert into person (id, first_name, last_name, birth_date, person_type) values (42, 'Mamie', 'Scoffham', '1954-04-15', 2);
insert into person (id, first_name, last_name, birth_date, person_type) values (43, 'Boote', 'Spraggon', '1968-09-06', 2);
insert into person (id, first_name, last_name, birth_date, person_type) values (44, 'Norry', 'Lewzey', '1990-10-20', 2);
insert into person (id, first_name, last_name, birth_date, person_type) values (45, 'Darleen', 'Dabell', '1942-08-04', 2);
insert into person (id, first_name, last_name, birth_date, person_type) values (46, 'Lauri', 'Samet', '1997-09-13', 2);
insert into person (id, first_name, last_name, birth_date, person_type) values (47, 'Peria', 'Marcroft', '1983-06-19', 2);
insert into person (id, first_name, last_name, birth_date, person_type) values (48, 'Mead', 'Scates', '1969-06-30', 2);
insert into person (id, first_name, last_name, birth_date, person_type) values (49, 'Joellen', 'Griniov', '1999-09-18', 2);
insert into person (id, first_name, last_name, birth_date, person_type) values (50, 'Adrien', 'Larkcum', '1943-10-04', 2);
insert into person (id, first_name, last_name, birth_date, person_type) values (51, 'Deloris', 'Johananoff', '1944-01-14', 2);
insert into person (id, first_name, last_name, birth_date, person_type) values (52, 'Berkly', 'Rissen', '1945-11-19', 2);
insert into person (id, first_name, last_name, birth_date, person_type) values (53, 'Michael', 'Dun', '1961-03-28', 2);
insert into person (id, first_name, last_name, birth_date, person_type) values (54, 'Laurella', 'Hilland', '1955-05-17', 2);
insert into person (id, first_name, last_name, birth_date, person_type) values (55, 'Tine', 'Linturn', '1983-08-14', 2);
insert into person (id, first_name, last_name, birth_date, person_type) values (56, 'Gabey', 'Innerstone', '1961-10-14', 2);
insert into person (id, first_name, last_name, birth_date, person_type) values (57, 'Corena', 'Clapson', '1991-02-04', 2);
insert into person (id, first_name, last_name, birth_date, person_type) values (58, 'Morry', 'Issacof', '1999-12-05', 2);
insert into person (id, first_name, last_name, birth_date, person_type) values (59, 'Andra', 'Grundey', '1959-05-09', 2);
insert into person (id, first_name, last_name, birth_date, person_type) values (60, 'Lurline', 'Leifer', '1993-04-11', 2);
insert into person (id, first_name, last_name, birth_date, person_type) values (61, 'Crissie', 'Stranieri', '1983-09-07', 2);
insert into person (id, first_name, last_name, birth_date, person_type) values (62, 'Godfrey', 'Carsey', '1968-11-14', 2);
insert into person (id, first_name, last_name, birth_date, person_type) values (63, 'Cornall', 'Riha', '1960-04-29', 2);
insert into person (id, first_name, last_name, birth_date, person_type) values (64, 'Madella', 'Ferneley', '1969-03-27', 2);
insert into person (id, first_name, last_name, birth_date, person_type) values (65, 'Elsi', 'Tethcote', '1948-08-10', 2);
insert into person (id, first_name, last_name, birth_date, person_type) values (66, 'Galvin', 'Sandison', '1977-12-15', 2);
insert into person (id, first_name, last_name, birth_date, person_type) values (67, 'Marion', 'Glaze', '1968-02-11', 3);
insert into person (id, first_name, last_name, birth_date, person_type) values (68, 'Maisie', 'Mendus', '1953-11-18', 3);
insert into person (id, first_name, last_name, birth_date, person_type) values (69, 'Goran', 'Lease', '1964-06-08', 3);
insert into person (id, first_name, last_name, birth_date, person_type) values (70, 'Wald', 'Solly', '1947-08-26', 3);
insert into person (id, first_name, last_name, birth_date, person_type) values (71, 'Hollyanne', 'Durbyn', '1980-08-29', 3);
insert into person (id, first_name, last_name, birth_date, person_type) values (72, 'Nicholas', 'Klaffs', '1988-06-09', 3);
insert into person (id, first_name, last_name, birth_date, person_type) values (73, 'Lotti', 'Polglase', '1983-12-31', 3);
insert into person (id, first_name, last_name, birth_date, person_type) values (74, 'Frederico', 'O''Hollegan', '1946-12-30', 3);
insert into person (id, first_name, last_name, birth_date, person_type) values (75, 'Anatol', 'Guion', '1943-01-28', 3);
insert into person (id, first_name, last_name, birth_date, person_type) values (76, 'Chad', 'Pren', '1946-02-28', 3);
insert into person (id, first_name, last_name, birth_date, person_type) values (77, 'Oliviero', 'Megainey', '1989-09-12', 3);
insert into person (id, first_name, last_name, birth_date, person_type) values (78, 'Mignonne', 'Flowith', '1957-05-04', 3);
insert into person (id, first_name, last_name, birth_date, person_type) values (79, 'Lena', 'Fieldhouse', '1952-11-13', 3);
insert into person (id, first_name, last_name, birth_date, person_type) values (80, 'Valaria', 'Hare', '1947-07-31', 3);
insert into person (id, first_name, last_name, birth_date, person_type) values (81, 'Kitti', 'Collough', '1969-03-09', 3);
insert into person (id, first_name, last_name, birth_date, person_type) values (82, 'Goldarina', 'Dalbey', '1996-07-22', 3);
insert into person (id, first_name, last_name, birth_date, person_type) values (83, 'Graeme', 'Mcmanaman', '1979-03-02', 3);
insert into person (id, first_name, last_name, birth_date, person_type) values (84, 'Kiele', 'Challace', '1986-06-06', 3);
insert into person (id, first_name, last_name, birth_date, person_type) values (85, 'Meridith', 'Beaby', '1987-05-24', 3);
insert into person (id, first_name, last_name, birth_date, person_type) values (86, 'Tome', 'Capun', '1984-02-06', 3);
insert into person (id, first_name, last_name, birth_date, person_type) values (87, 'Krysta', 'Juster', '1960-10-29', 3);
insert into person (id, first_name, last_name, birth_date, person_type) values (88, 'Ennis', 'Durie', '1971-03-07', 3);
insert into person (id, first_name, last_name, birth_date, person_type) values (89, 'Bjorn', 'Whenman', '1997-10-09', 3);
insert into person (id, first_name, last_name, birth_date, person_type) values (90, 'Thekla', 'Paddick', '1970-07-31', 3);
insert into person (id, first_name, last_name, birth_date, person_type) values (91, 'Justen', 'Arangy', '1958-10-30', 3);
insert into person (id, first_name, last_name, birth_date, person_type) values (92, 'Maressa', 'Shuard', '1998-11-21', 3);
insert into person (id, first_name, last_name, birth_date, person_type) values (93, 'Lorant', 'McIlwaine', '1968-10-19', 3);
insert into person (id, first_name, last_name, birth_date, person_type) values (94, 'Natala', 'Yoslowitz', '1943-12-25', 3);
insert into person (id, first_name, last_name, birth_date, person_type) values (95, 'Raffaello', 'Cordeix', '1943-02-08', 3);
insert into person (id, first_name, last_name, birth_date, person_type) values (96, 'Bartolomeo', 'Cockett', '1963-09-10', 3);
insert into person (id, first_name, last_name, birth_date, person_type) values (97, 'Helsa', 'McCowen', '1940-12-13', 3);
insert into person (id, first_name, last_name, birth_date, person_type) values (98, 'Stacee', 'Lidgerton', '1975-04-25', 3);
insert into person (id, first_name, last_name, birth_date, person_type) values (99, 'Pat', 'Farans', '1990-04-04', 3);
insert into person (id, first_name, last_name, birth_date, person_type) values (100, 'Olenolin', 'Drei', '1970-09-01', 3);

insert into producer (id) values (1);
insert into producer (id) values (2);
insert into producer (id) values (3);
insert into producer (id) values (4);
insert into producer (id) values (5);
insert into producer (id) values (6);
insert into producer (id) values (7);
insert into producer (id) values (8);
insert into producer (id) values (9);
insert into producer (id) values (10);
insert into producer (id) values (11);
insert into producer (id) values (12);
insert into producer (id) values (13);
insert into producer (id) values (14);
insert into producer (id) values (15);
insert into producer (id) values (16);
insert into producer (id) values (17);
insert into producer (id) values (18);
insert into producer (id) values (19);
insert into producer (id) values (20);
insert into producer (id) values (21);
insert into producer (id) values (22);
insert into producer (id) values (23);
insert into producer (id) values (24);
insert into producer (id) values (25);
insert into producer (id) values (26);
insert into producer (id) values (27);
insert into producer (id) values (28);
insert into producer (id) values (29);
insert into producer (id) values (30);
insert into producer (id) values (31);
insert into producer (id) values (32);
insert into producer (id) values (33);

insert into actor (id) values (34);
insert into actor (id) values (35);
insert into actor (id) values (36);
insert into actor (id) values (37);
insert into actor (id) values (38);
insert into actor (id) values (39);
insert into actor (id) values (40);
insert into actor (id) values (41);
insert into actor (id) values (42);
insert into actor (id) values (43);
insert into actor (id) values (44);
insert into actor (id) values (45);
insert into actor (id) values (46);
insert into actor (id) values (47);
insert into actor (id) values (48);
insert into actor (id) values (49);
insert into actor (id) values (50);
insert into actor (id) values (51);
insert into actor (id) values (52);
insert into actor (id) values (53);
insert into actor (id) values (54);
insert into actor (id) values (55);
insert into actor (id) values (56);
insert into actor (id) values (57);
insert into actor (id) values (58);
insert into actor (id) values (59);
insert into actor (id) values (60);
insert into actor (id) values (61);
insert into actor (id) values (62);
insert into actor (id) values (63);
insert into actor (id) values (64);
insert into actor (id) values (65);
insert into actor (id) values (66);

insert into director (id) values (67);
insert into director (id) values (68);
insert into director (id) values (69);
insert into director (id) values (70);
insert into director (id) values (71);
insert into director (id) values (72);
insert into director (id) values (73);
insert into director (id) values (74);
insert into director (id) values (75);
insert into director (id) values (76);
insert into director (id) values (77);
insert into director (id) values (78);
insert into director (id) values (79);
insert into director (id) values (80);
insert into director (id) values (81);
insert into director (id) values (82);
insert into director (id) values (83);
insert into director (id) values (84);
insert into director (id) values (85);
insert into director (id) values (86);
insert into director (id) values (87);
insert into director (id) values (88);
insert into director (id) values (89);
insert into director (id) values (90);
insert into director (id) values (91);
insert into director (id) values (92);
insert into director (id) values (93);
insert into director (id) values (94);
insert into director (id) values (95);
insert into director (id) values (96);
insert into director (id) values (97);
insert into director (id) values (98);
insert into director (id) values (99);
insert into director (id) values (100);

insert into producer_musical (producer_id, musical_id) values (1, 9);
insert into producer_musical (producer_id, musical_id) values (2, 2);
insert into producer_musical (producer_id, musical_id) values (3, 7);
insert into producer_musical (producer_id, musical_id) values (4, 9);
insert into producer_musical (producer_id, musical_id) values (5, 7);
insert into producer_musical (producer_id, musical_id) values (6, 6);
insert into producer_musical (producer_id, musical_id) values (7, 4);
insert into producer_musical (producer_id, musical_id) values (8, 8);
insert into producer_musical (producer_id, musical_id) values (9, 2);
insert into producer_musical (producer_id, musical_id) values (10, 10);
insert into producer_musical (producer_id, musical_id) values (11, 4);
insert into producer_musical (producer_id, musical_id) values (12, 3);
insert into producer_musical (producer_id, musical_id) values (13, 6);
insert into producer_musical (producer_id, musical_id) values (14, 6);
insert into producer_musical (producer_id, musical_id) values (15, 8);
insert into producer_musical (producer_id, musical_id) values (16, 9);
insert into producer_musical (producer_id, musical_id) values (17, 5);
insert into producer_musical (producer_id, musical_id) values (18, 5);
insert into producer_musical (producer_id, musical_id) values (19, 7);
insert into producer_musical (producer_id, musical_id) values (20, 7);
insert into producer_musical (producer_id, musical_id) values (21, 1);
insert into producer_musical (producer_id, musical_id) values (22, 2);
insert into producer_musical (producer_id, musical_id) values (23, 8);
insert into producer_musical (producer_id, musical_id) values (24, 10);
insert into producer_musical (producer_id, musical_id) values (25, 4);
insert into producer_musical (producer_id, musical_id) values (26, 8);
insert into producer_musical (producer_id, musical_id) values (27, 8);
insert into producer_musical (producer_id, musical_id) values (28, 7);
insert into producer_musical (producer_id, musical_id) values (29, 1);
insert into producer_musical (producer_id, musical_id) values (30, 2);
insert into producer_musical (producer_id, musical_id) values (31, 6);
insert into producer_musical (producer_id, musical_id) values (32, 7);
insert into producer_musical (producer_id, musical_id) values (33, 9);
insert into producer_musical (producer_id, musical_id) values (15, 10);
insert into producer_musical (producer_id, musical_id) values (19, 8);
insert into producer_musical (producer_id, musical_id) values (2, 10);
insert into producer_musical (producer_id, musical_id) values (23, 5);
insert into producer_musical (producer_id, musical_id) values (23, 9);
insert into producer_musical (producer_id, musical_id) values (7, 9);
insert into producer_musical (producer_id, musical_id) values (4, 4);

insert into actor_musical (actor_id, musical_id) values (34, 4);
insert into actor_musical (actor_id, musical_id) values (35, 5);
insert into actor_musical (actor_id, musical_id) values (36, 6);
insert into actor_musical (actor_id, musical_id) values (37, 5);
insert into actor_musical (actor_id, musical_id) values (38, 3);
insert into actor_musical (actor_id, musical_id) values (39, 9);
insert into actor_musical (actor_id, musical_id) values (40, 4);
insert into actor_musical (actor_id, musical_id) values (41, 4);
insert into actor_musical (actor_id, musical_id) values (42, 8);
insert into actor_musical (actor_id, musical_id) values (43, 6);
insert into actor_musical (actor_id, musical_id) values (45, 5);
insert into actor_musical (actor_id, musical_id) values (46, 4);
insert into actor_musical (actor_id, musical_id) values (47, 5);
insert into actor_musical (actor_id, musical_id) values (48, 6);
insert into actor_musical (actor_id, musical_id) values (49, 5);
insert into actor_musical (actor_id, musical_id) values (50, 6);
insert into actor_musical (actor_id, musical_id) values (51, 6);
insert into actor_musical (actor_id, musical_id) values (52, 6);
insert into actor_musical (actor_id, musical_id) values (53, 6);
insert into actor_musical (actor_id, musical_id) values (54, 7);
insert into actor_musical (actor_id, musical_id) values (55, 6);
insert into actor_musical (actor_id, musical_id) values (56, 6);
insert into actor_musical (actor_id, musical_id) values (57, 4);
insert into actor_musical (actor_id, musical_id) values (58, 3);
insert into actor_musical (actor_id, musical_id) values (59, 10);
insert into actor_musical (actor_id, musical_id) values (60, 10);
insert into actor_musical (actor_id, musical_id) values (61, 6);
insert into actor_musical (actor_id, musical_id) values (62, 9);
insert into actor_musical (actor_id, musical_id) values (63, 6);
insert into actor_musical (actor_id, musical_id) values (64, 5);
insert into actor_musical (actor_id, musical_id) values (65, 6);
insert into actor_musical (actor_id, musical_id) values (66, 6);
insert into actor_musical (actor_id, musical_id) values (54, 3);
insert into actor_musical (actor_id, musical_id) values (53, 1);
insert into actor_musical (actor_id, musical_id) values (65, 4);
insert into actor_musical (actor_id, musical_id) values (39, 5);
insert into actor_musical (actor_id, musical_id) values (65, 3);
insert into actor_musical (actor_id, musical_id) values (37, 8);
insert into actor_musical (actor_id, musical_id) values (47, 10);
insert into actor_musical (actor_id, musical_id) values (48, 10);

insert into director_musical (director_id, musical_id) values (67, 1);
insert into director_musical (director_id, musical_id) values (68, 4);
insert into director_musical (director_id, musical_id) values (69, 9);
insert into director_musical (director_id, musical_id) values (70, 2);
insert into director_musical (director_id, musical_id) values (71, 7);
insert into director_musical (director_id, musical_id) values (72, 6);
insert into director_musical (director_id, musical_id) values (73, 7);
insert into director_musical (director_id, musical_id) values (74, 6);
insert into director_musical (director_id, musical_id) values (75, 9);
insert into director_musical (director_id, musical_id) values (76, 5);
insert into director_musical (director_id, musical_id) values (77, 6);
insert into director_musical (director_id, musical_id) values (78, 6);
insert into director_musical (director_id, musical_id) values (79, 6);
insert into director_musical (director_id, musical_id) values (80, 7);
insert into director_musical (director_id, musical_id) values (81, 5);
insert into director_musical (director_id, musical_id) values (82, 3);
insert into director_musical (director_id, musical_id) values (83, 8);
insert into director_musical (director_id, musical_id) values (84, 10);
insert into director_musical (director_id, musical_id) values (85, 1);
insert into director_musical (director_id, musical_id) values (86, 6);
insert into director_musical (director_id, musical_id) values (87, 5);
insert into director_musical (director_id, musical_id) values (88, 9);
insert into director_musical (director_id, musical_id) values (89, 7);
insert into director_musical (director_id, musical_id) values (90, 7);
insert into director_musical (director_id, musical_id) values (91, 5);
insert into director_musical (director_id, musical_id) values (92, 6);
insert into director_musical (director_id, musical_id) values (93, 10);
insert into director_musical (director_id, musical_id) values (94, 6);
insert into director_musical (director_id, musical_id) values (95, 2);
insert into director_musical (director_id, musical_id) values (96, 7);
insert into director_musical (director_id, musical_id) values (97, 10);
insert into director_musical (director_id, musical_id) values (98, 10);
insert into director_musical (director_id, musical_id) values (99, 2);
insert into director_musical (director_id, musical_id) values (100, 10);
insert into director_musical (director_id, musical_id) values (84, 9);
insert into director_musical (director_id, musical_id) values (76, 7);
insert into director_musical (director_id, musical_id) values (95, 10);
insert into director_musical (director_id, musical_id) values (96, 6);
insert into director_musical (director_id, musical_id) values (79, 3);
insert into director_musical (director_id, musical_id) values (70, 5);

insert into preference_producer (preference_id, producer_id) values (1, 12);
insert into preference_producer (preference_id, producer_id) values (1, 16);
insert into preference_producer (preference_id, producer_id) values (2, 25);
insert into preference_producer (preference_id, producer_id) values (2, 13);
insert into preference_producer (preference_id, producer_id) values (2, 21);
insert into preference_producer (preference_id, producer_id) values (3, 6);
insert into preference_producer (preference_id, producer_id) values (4, 19);
insert into preference_producer (preference_id, producer_id) values (4, 4);
insert into preference_producer (preference_id, producer_id) values (5, 22);
insert into preference_producer (preference_id, producer_id) values (5, 4);
insert into preference_producer (preference_id, producer_id) values (6, 1);
insert into preference_producer (preference_id, producer_id) values (6, 13);
insert into preference_producer (preference_id, producer_id) values (7, 2);
insert into preference_producer (preference_id, producer_id) values (7, 12);
insert into preference_producer (preference_id, producer_id) values (8, 33);
insert into preference_producer (preference_id, producer_id) values (8, 24);
insert into preference_producer (preference_id, producer_id) values (9, 16);
insert into preference_producer (preference_id, producer_id) values (9, 10);
insert into preference_producer (preference_id, producer_id) values (10, 15);
insert into preference_producer (preference_id, producer_id) values (10, 26);

insert into preference_actor (preference_id, actor_id) values (1, 58);
insert into preference_actor (preference_id, actor_id) values (1, 50);
insert into preference_actor (preference_id, actor_id) values (2, 47);
insert into preference_actor (preference_id, actor_id) values (2, 57);
insert into preference_actor (preference_id, actor_id) values (3, 38);
insert into preference_actor (preference_id, actor_id) values (3, 46);
insert into preference_actor (preference_id, actor_id) values (4, 34);
insert into preference_actor (preference_id, actor_id) values (4, 59);
insert into preference_actor (preference_id, actor_id) values (5, 41);
insert into preference_actor (preference_id, actor_id) values (5, 46);
insert into preference_actor (preference_id, actor_id) values (6, 65);
insert into preference_actor (preference_id, actor_id) values (6, 64);
insert into preference_actor (preference_id, actor_id) values (7, 54);
insert into preference_actor (preference_id, actor_id) values (7, 40);
insert into preference_actor (preference_id, actor_id) values (8, 47);
insert into preference_actor (preference_id, actor_id) values (8, 38);
insert into preference_actor (preference_id, actor_id) values (9, 51);
insert into preference_actor (preference_id, actor_id) values (10, 38);
insert into preference_actor (preference_id, actor_id) values (10, 49);
insert into preference_actor (preference_id, actor_id) values (10, 41);

insert into preference_director (preference_id, director_id) values (1, 69);
insert into preference_director (preference_id, director_id) values (1, 75);
insert into preference_director (preference_id, director_id) values (2, 75);
insert into preference_director (preference_id, director_id) values (3, 85);
insert into preference_director (preference_id, director_id) values (3, 100);
insert into preference_director (preference_id, director_id) values (4, 92);
insert into preference_director (preference_id, director_id) values (4, 84);
insert into preference_director (preference_id, director_id) values (4, 91);
insert into preference_director (preference_id, director_id) values (5, 68);
insert into preference_director (preference_id, director_id) values (6, 94);
insert into preference_director (preference_id, director_id) values (6, 81);
insert into preference_director (preference_id, director_id) values (7, 75);
insert into preference_director (preference_id, director_id) values (7, 97);
insert into preference_director (preference_id, director_id) values (7, 78);
insert into preference_director (preference_id, director_id) values (8, 79);
insert into preference_director (preference_id, director_id) values (9, 71);
insert into preference_director (preference_id, director_id) values (9, 93);
insert into preference_director (preference_id, director_id) values (9, 82);
insert into preference_director (preference_id, director_id) values (10, 100);
insert into preference_director (preference_id, director_id) values (10, 99);

insert into musical_atmosphere_musical (musical_id, musical_atmosphere) values (1, 'DEPRESSED');
insert into musical_atmosphere_musical (musical_id, musical_atmosphere) values (1, 'ANXIOUS');
insert into musical_atmosphere_musical (musical_id, musical_atmosphere) values (2, 'IRRITABLE');
insert into musical_atmosphere_musical (musical_id, musical_atmosphere) values (2, 'EMPTY');
insert into musical_atmosphere_musical (musical_id, musical_atmosphere) values (3, 'SUNNY_HYPOMANIA');
insert into musical_atmosphere_musical (musical_id, musical_atmosphere) values (3, 'ANXIOUS');
insert into musical_atmosphere_musical (musical_id, musical_atmosphere) values (4, 'DARK_HYPOMANIA');
insert into musical_atmosphere_musical (musical_id, musical_atmosphere) values (4, 'DEPRESSED');
insert into musical_atmosphere_musical (musical_id, musical_atmosphere) values (5, 'IRRITABLE');
insert into musical_atmosphere_musical (musical_id, musical_atmosphere) values (5, 'ANXIOUS');
insert into musical_atmosphere_musical (musical_id, musical_atmosphere) values (6, 'EMPTY');
insert into musical_atmosphere_musical (musical_id, musical_atmosphere) values (7, 'MIXED');
insert into musical_atmosphere_musical (musical_id, musical_atmosphere) values (8, 'MIXED');
insert into musical_atmosphere_musical (musical_id, musical_atmosphere) values (9, 'DARK_HYPOMANIA');
insert into musical_atmosphere_musical (musical_id, musical_atmosphere) values (10, 'SUNNY_HYPOMANIA');

insert into musical_atmosphere_preference (preference_id, musical_atmosphere) values (1, 'DEPRESSED');
insert into musical_atmosphere_preference (preference_id, musical_atmosphere) values (2, 'DEPRESSED');
insert into musical_atmosphere_preference (preference_id, musical_atmosphere) values (3, 'IRRITABLE');
insert into musical_atmosphere_preference (preference_id, musical_atmosphere) values (4, 'SUNNY_HYPOMANIA');
insert into musical_atmosphere_preference (preference_id, musical_atmosphere) values (4, 'ANXIOUS');
insert into musical_atmosphere_preference (preference_id, musical_atmosphere) values (5, 'DEPRESSED');
insert into musical_atmosphere_preference (preference_id, musical_atmosphere) values (5, 'ANXIOUS');
insert into musical_atmosphere_preference (preference_id, musical_atmosphere) values (6, 'IRRITABLE');
insert into musical_atmosphere_preference (preference_id, musical_atmosphere) values (6, 'ANXIOUS');
insert into musical_atmosphere_preference (preference_id, musical_atmosphere) values (7, 'DARK_HYPOMANIA');
insert into musical_atmosphere_preference (preference_id, musical_atmosphere) values (7, 'IRRITABLE');
insert into musical_atmosphere_preference (preference_id, musical_atmosphere) values (8, 'MIXED');
insert into musical_atmosphere_preference (preference_id, musical_atmosphere) values (9, 'MIXED');
insert into musical_atmosphere_preference (preference_id, musical_atmosphere) values (10, 'EMPTY');

insert into musical_genre_musical (musical_id, musical_genre) values (1, 'COMEDY');
insert into musical_genre_musical (musical_id, musical_genre) values (1, 'FANTASY');
insert into musical_genre_musical (musical_id, musical_genre) values (2, 'COMEDY');
insert into musical_genre_musical (musical_id, musical_genre) values (2, 'HISTORICAL');
insert into musical_genre_musical (musical_id, musical_genre) values (3, 'TRAGICOMEDY');
insert into musical_genre_musical (musical_id, musical_genre) values (4, 'MELODRAMA');
insert into musical_genre_musical (musical_id, musical_genre) values (4, 'HORROR');
insert into musical_genre_musical (musical_id, musical_genre) values (5, 'HISTORICAL');
insert into musical_genre_musical (musical_id, musical_genre) values (6, 'DOCUDRAMA');
insert into musical_genre_musical (musical_id, musical_genre) values (6, 'TRAGICOMEDY');
insert into musical_genre_musical (musical_id, musical_genre) values (7, 'COMEDY');
insert into musical_genre_musical (musical_id, musical_genre) values (7, 'HISTORICAL');
insert into musical_genre_musical (musical_id, musical_genre) values (8, 'DOCUDRAMA');
insert into musical_genre_musical (musical_id, musical_genre) values (9, 'CRIMEDRAMA');
insert into musical_genre_musical (musical_id, musical_genre) values (10, 'TRAGICOMEDY');

insert into musical_genre_preference (preference_id, musical_genre) values (1, 'COMEDY');
insert into musical_genre_preference (preference_id, musical_genre) values (1, 'FANTASY');
insert into musical_genre_preference (preference_id, musical_genre) values (1, 'HORROR');
insert into musical_genre_preference (preference_id, musical_genre) values (2, 'DOCUDRAMA');
insert into musical_genre_preference (preference_id, musical_genre) values (2, 'CRIMEDRAMA');
insert into musical_genre_preference (preference_id, musical_genre) values (2, 'MELODRAMA');
insert into musical_genre_preference (preference_id, musical_genre) values (3, 'HORROR');
insert into musical_genre_preference (preference_id, musical_genre) values (4, 'HISTORICAL');
insert into musical_genre_preference (preference_id, musical_genre) values (5, 'HISTORICAL');
insert into musical_genre_preference (preference_id, musical_genre) values (6, 'TRAGICOMEDY');
insert into musical_genre_preference (preference_id, musical_genre) values (7, 'MELODRAMA');
insert into musical_genre_preference (preference_id, musical_genre) values (7, 'DOCUDRAMA');
insert into musical_genre_preference (preference_id, musical_genre) values (8, 'FANTASY');
insert into musical_genre_preference (preference_id, musical_genre) values (9, 'COMEDY');
insert into musical_genre_preference (preference_id, musical_genre) values (10, 'CRIMEDRAMA');

insert into musical_type_musical (musical_id, musical_type) values (1, 'FILM');
insert into musical_type_musical (musical_id, musical_type) values (1, 'BOOK');
insert into musical_type_musical (musical_id, musical_type) values (2, 'BOOK');
insert into musical_type_musical (musical_id, musical_type) values (2, 'REVUE');
insert into musical_type_musical (musical_id, musical_type) values (3, 'CONCEPT');
insert into musical_type_musical (musical_id, musical_type) values (4, 'JUKEBOX');
insert into musical_type_musical (musical_id, musical_type) values (5, 'POP');
insert into musical_type_musical (musical_id, musical_type) values (6, 'ROCK');
insert into musical_type_musical (musical_id, musical_type) values (7, 'AUTOBIOGRAPHICAL');
insert into musical_type_musical (musical_id, musical_type) values (8, 'NON_AUTOBIOGRAPHICAL');
insert into musical_type_musical (musical_id, musical_type) values (9, 'ROCK');
insert into musical_type_musical (musical_id, musical_type) values (9, 'CONCEPT');
insert into musical_type_musical (musical_id, musical_type) values (9, 'JUKEBOX');
insert into musical_type_musical (musical_id, musical_type) values (10, 'REVUE');
insert into musical_type_musical (musical_id, musical_type) values (10, 'BOOK');

insert into musical_type_preference (preference_id, musical_type) values (1, 'BOOK');
insert into musical_type_preference (preference_id, musical_type) values (2, 'REVUE');
insert into musical_type_preference (preference_id, musical_type) values (3, 'JUKEBOX');
insert into musical_type_preference (preference_id, musical_type) values (4, 'CONCEPT');
insert into musical_type_preference (preference_id, musical_type) values (5, 'ROCK');
insert into musical_type_preference (preference_id, musical_type) values (6, 'POP');
insert into musical_type_preference (preference_id, musical_type) values (7, 'AUTOBIOGRAPHICAL');
insert into musical_type_preference (preference_id, musical_type) values (8, 'NON_AUTOBIOGRAPHICAL');
insert into musical_type_preference (preference_id, musical_type) values (8, 'FILM');
insert into musical_type_preference (preference_id, musical_type) values (8, 'ROCK');
insert into musical_type_preference (preference_id, musical_type) values (9, 'BOOK');
insert into musical_type_preference (preference_id, musical_type) values (9, 'CONCEPT');
insert into musical_type_preference (preference_id, musical_type) values (9, 'POP');
insert into musical_type_preference (preference_id, musical_type) values (10, 'FILM');
insert into musical_type_preference (preference_id, musical_type) values (10, 'ROCK');